month,hour,season,day_type,weather,rides,registered,casual,records,average_temp,average_humidity
2011-01,0,Winter,Weekend / holiday,Clear,204,187,17,8,0.155,0.6
2011-01,0,Winter,Weekend / holiday,Mist / cloudy,59,53,6,3,0.28,0.62
2011-01,0,Winter,Working day,Clear,85,75,10,10,0.16,0.533
2011-01,0,Winter,Working day,Mist / cloudy,90,78,12,8,0.205,0.7388
2011-01,1,Winter,Weekend / holiday,Clear,137,117,20,6,0.1633,0.6317
2011-01,1,Winter,Weekend / holiday,Mist / cloudy,81,73,8,5,0.204,0.586
2011-01,1,Winter,Working day,Clear,38,33,5,11,0.1545,0.5627
2011-01,1,Winter,Working day,Light rain / snow,7,6,1,1,0.22,0.93
2011-01,1,Winter,Working day,Mist / cloudy,32,29,3,6,0.2,0.7233
2011-01,2,Winter,Weekend / holiday,Clear,103,91,12,6,0.1633,0.6467
2011-01,2,Winter,Weekend / holiday,Mist / cloudy,56,52,4,5,0.196,0.596
2011-01,2,Winter,Working day,Clear,17,17,0,10,0.16,0.63
2011-01,2,Winter,Working day,Light rain / snow,15,12,3,3,0.2267,0.79
2011-01,2,Winter,Working day,Mist / cloudy,6,6,0,3,0.1867,0.6633
2011-01,3,Winter,Weekend / holiday,Clear,53,36,17,6,0.1533,0.6817
2011-01,3,Winter,Weekend / holiday,Light rain / snow,7,7,0,1,0.18,0.55
2011-01,3,Winter,Weekend / holiday,Mist / cloudy,23,19,4,4,0.21,0.5925
2011-01,3,Winter,Working day,Clear,9,9,0,6,0.1467,0.5317
2011-01,3,Winter,Working day,Light rain / snow,1,1,0,1,0.22,0.8
2011-01,3,Winter,Working day,Mist / cloudy,1,0,1,1,0.2,0.75
2011-01,4,Winter,Weekend / holiday,Clear,7,6,1,5,0.176,0.692
2011-01,4,Winter,Weekend / holiday,Light rain / snow,1,1,0,1,0.18,0.55
2011-01,4,Winter,Weekend / holiday,Mist / cloudy,14,11,3,4,0.205,0.61
2011-01,4,Winter,Working day,Clear,17,16,1,9,0.1556,0.5544
2011-01,4,Winter,Working day,Light rain / snow,2,1,1,1,0.22,0.93
2011-01,4,Winter,Working day,Mist / cloudy,3,3,0,3,0.1933,0.7333
2011-01,5,Winter,Weekend / holiday,Clear,5,5,0,3,0.1267,0.66
2011-01,5,Winter,Weekend / holiday,Mist / cloudy,12,11,1,5,0.176,0.61
2011-01,5,Winter,Working day,Clear,62,61,1,12,0.15,0.5933
2011-01,5,Winter,Working day,Light rain / snow,6,6,0,2,0.21,0.705
2011-01,5,Winter,Working day,Mist / cloudy,21,21,0,4,0.175,0.7425
2011-01,6,Winter,Weekend / holiday,Clear,8,5,3,4,0.155,0.64
2011-01,6,Winter,Weekend / holiday,Light rain / snow,2,2,0,1,0.42,0.77
2011-01,6,Winter,Weekend / holiday,Mist / cloudy,11,11,0,5,0.132,0.548
2011-01,6,Winter,Working day,Clear,341,340,1,12,0.1417,0.6067
2011-01,6,Winter,Working day,Light rain / snow,8,8,0,1,0.2,0.86
2011-01,6,Winter,Working day,Mist / cloudy,145,137,8,5,0.18,0.72
2011-01,7,Winter,Weekend / holiday,Clear,37,32,5,7,0.1171,0.6414
2011-01,7,Winter,Weekend / holiday,Mist / cloudy,26,21,5,4,0.24,0.64
2011-01,7,Winter,Working day,Clear,964,937,27,12,0.1433,0.5925
2011-01,7,Winter,Working day,Light rain / snow,30,29,1,1,0.22,0.87
2011-01,7,Winter,Working day,Mist / cloudy,416,410,6,5,0.176,0.712
2011-01,8,Winter,Weekend / holiday,Clear,139,131,8,7,0.1371,0.5757
2011-01,8,Winter,Weekend / holiday,Light rain / snow,23,23,0,2,0.28,0.82
2011-01,8,Winter,Weekend / holiday,Mist / cloudy,45,41,4,2,0.15,0.665
2011-01,8,Winter,Working day,Clear,2088,2034,54,11,0.1564,0.5427
2011-01,8,Winter,Working day,Light rain / snow,72,69,3,1,0.22,0.87
2011-01,8,Winter,Working day,Mist / cloudy,1182,1164,18,6,0.17,0.6883
2011-01,9,Winter,Weekend / holiday,Clear,200,181,19,7,0.1629,0.5586
2011-01,9,Winter,Weekend / holiday,Light rain / snow,20,20,0,1,0.16,0.93
2011-01,9,Winter,Weekend / holiday,Mist / cloudy,105,92,13,3,0.2333,0.6767
2011-01,9,Winter,Working day,Clear,1042,1002,40,9,0.16,0.5122
2011-01,9,Winter,Working day,Light rain / snow,159,150,9,2,0.2,0.865
2011-01,9,Winter,Working day,Mist / cloudy,854,828,26,7,0.1914,0.6
2011-01,10,Winter,Weekend / holiday,Clear,281,252,29,5,0.212,0.55
2011-01,10,Winter,Weekend / holiday,Mist / cloudy,343,310,33,6,0.1833,0.66
2011-01,10,Winter,Working day,Clear,452,401,51,9,0.1933,0.4567
2011-01,10,Winter,Working day,Light rain / snow,77,75,2,2,0.2,0.895
2011-01,10,Winter,Working day,Mist / cloudy,336,318,18,7,0.1857,0.6171
2011-01,11,Winter,Weekend / holiday,Clear,428,328,100,6,0.22,0.5633
2011-01,11,Winter,Weekend / holiday,Mist / cloudy,323,288,35,5,0.192,0.594
2011-01,11,Winter,Working day,Clear,406,357,49,8,0.2,0.4463
2011-01,11,Winter,Working day,Light rain / snow,71,65,6,2,0.2,0.93
2011-01,11,Winter,Working day,Mist / cloudy,398,351,47,8,0.215,0.5363
2011-01,12,Winter,Weekend / holiday,Clear,573,462,111,6,0.2567,0.4867
2011-01,12,Winter,Weekend / holiday,Mist / cloudy,419,359,60,5,0.2,0.538
2011-01,12,Winter,Working day,Clear,548,493,55,8,0.2225,0.395
2011-01,12,Winter,Working day,Light rain / snow,77,69,8,2,0.2,0.93
2011-01,12,Winter,Working day,Mist / cloudy,562,496,66,9,0.2178,0.5444
2011-01,13,Winter,Weekend / holiday,Clear,651,557,94,7,0.2057,0.4
2011-01,13,Winter,Weekend / holiday,Mist / cloudy,327,247,80,4,0.305,0.6
2011-01,13,Winter,Working day,Clear,656,587,69,9,0.2533,0.4011
2011-01,13,Winter,Working day,Light rain / snow,78,74,4,2,0.2,0.93
2011-01,13,Winter,Working day,Mist / cloudy,506,446,60,8,0.205,0.5312
2011-01,14,Winter,Weekend / holiday,Clear,683,569,114,7,0.22,0.3729
2011-01,14,Winter,Weekend / holiday,Light rain / snow,59,55,4,1,0.36,0.76
2011-01,14,Winter,Weekend / holiday,Mist / cloudy,291,234,57,3,0.2867,0.5833
2011-01,14,Winter,Working day,Clear,559,497,62,9,0.26,0.3978
2011-01,14,Winter,Working day,Light rain / snow,74,72,2,2,0.22,0.865
2011-01,14,Winter,Working day,Mist / cloudy,468,436,32,8,0.2175,0.5125
2011-01,15,Winter,Weekend / holiday,Clear,678,574,104,7,0.2114,0.4086
2011-01,15,Winter,Weekend / holiday,Light rain / snow,74,55,19,1,0.34,0.81
2011-01,15,Winter,Weekend / holiday,Mist / cloudy,332,250,82,3,0.32,0.5333
2011-01,15,Winter,Working day,Clear,642,566,76,10,0.252,0.389
2011-01,15,Winter,Working day,Light rain / snow,43,42,1,1,0.22,0.93
2011-01,15,Winter,Working day,Mist / cloudy,438,389,49,8,0.2225,0.595
2011-01,16,Winter,Weekend / holiday,Clear,645,544,101,7,0.2057,0.3871
2011-01,16,Winter,Weekend / holiday,Light rain / snow,76,67,9,1,0.34,0.71
2011-01,16,Winter,Weekend / holiday,Mist / cloudy,303,223,80,3,0.32,0.5433
2011-01,16,Winter,Working day,Clear,1019,940,79,13,0.2415,0.4415
2011-01,16,Winter,Working day,Heavy rain / snow,36,35,1,1,0.22,0.93
2011-01,16,Winter,Working day,Mist / cloudy,517,483,34,6,0.2267,0.595
2011-01,17,Winter,Weekend / holiday,Clear,662,592,70,9,0.2111,0.4322
2011-01,17,Winter,Weekend / holiday,Mist / cloudy,150,106,44,2,0.38,0.59
2011-01,17,Winter,Working day,Clear,2366,2279,87,14,0.2286,0.4607
2011-01,17,Winter,Working day,Light rain / snow,26,26,0,1,0.2,0.93
2011-01,17,Winter,Working day,Mist / cloudy,824,794,30,5,0.208,0.626
2011-01,18,Winter,Weekend / holiday,Clear,406,366,40,7,0.1686,0.4543
2011-01,18,Winter,Weekend / holiday,Light rain / snow,35,26,9,1,0.42,0.88
2011-01,18,Winter,Weekend / holiday,Mist / cloudy,229,197,32,3,0.28,0.4867
2011-01,18,Winter,Working day,Clear,2016,1959,57,14,0.2143,0.4836
2011-01,18,Winter,Working day,Light rain / snow,95,94,1,1,0.16,0.93
2011-01,18,Winter,Working day,Mist / cloudy,699,687,12,4,0.235,0.6
2011-01,19,Winter,Weekend / holiday,Clear,326,286,40,7,0.18,0.4257
2011-01,19,Winter,Weekend / holiday,Light rain / snow,97,89,8,2,0.3,0.735
2011-01,19,Winter,Weekend / holiday,Mist / cloudy,132,112,20,2,0.27,0.54
2011-01,19,Winter,Working day,Clear,1586,1533,53,15,0.204,0.5133
2011-01,19,Winter,Working day,Light rain / snow,51,51,0,1,0.16,0.93
2011-01,19,Winter,Working day,Mist / cloudy,334,315,19,3,0.24,0.7333
2011-01,20,Winter,Weekend / holiday,Clear,268,250,18,7,0.1543,0.4614
2011-01,20,Winter,Weekend / holiday,Light rain / snow,33,29,4,1,0.16,0.8
2011-01,20,Winter,Weekend / holiday,Mist / cloudy,110,90,20,3,0.3267,0.6367
2011-01,20,Winter,Working day,Clear,965,923,42,14,0.1914,0.5186
2011-01,20,Winter,Working day,Light rain / snow,110,110,0,2,0.16,0.76
2011-01,20,Winter,Working day,Mist / cloudy,271,268,3,3,0.24,0.7233
2011-01,21,Winter,Weekend / holiday,Clear,216,190,26,7,0.1486,0.4729
2011-01,21,Winter,Weekend / holiday,Light rain / snow,27,24,3,1,0.16,0.8
2011-01,21,Winter,Weekend / holiday,Mist / cloudy,119,107,12,3,0.32,0.6533
2011-01,21,Winter,Working day,Clear,611,583,28,13,0.18,0.5723
2011-01,21,Winter,Working day,Light rain / snow,76,73,3,2,0.16,0.725
2011-01,21,Winter,Working day,Mist / cloudy,204,200,4,4,0.225,0.7075
2011-01,22,Winter,Weekend / holiday,Clear,148,126,22,6,0.1333,0.4883
2011-01,22,Winter,Weekend / holiday,Light rain / snow,13,13,0,1,0.14,0.93
2011-01,22,Winter,Weekend / holiday,Mist / cloudy,96,81,15,4,0.285,0.6375
2011-01,22,Winter,Working day,Clear,383,367,16,11,0.18,0.5855
2011-01,22,Winter,Working day,Light rain / snow,29,28,1,1,0.16,0.93
2011-01,22,Winter,Working day,Mist / cloudy,282,274,8,7,0.1886,0.6329
2011-01,23,Winter,Weekend / holiday,Clear,167,153,14,7,0.1429,0.5129
2011-01,23,Winter,Weekend / holiday,Light rain / snow,4,3,1,1,0.16,0.86
2011-01,23,Winter,Weekend / holiday,Mist / cloudy,78,58,20,3,0.3,0.6433
2011-01,23,Winter,Working day,Clear,189,181,8,10,0.176,0.569
2011-01,23,Winter,Working day,Light rain / snow,19,18,1,1,0.16,0.93
2011-01,23,Winter,Working day,Mist / cloudy,197,179,18,8,0.195,0.6437
2011-02,0,Winter,Weekend / holiday,Clear,216,186,30,7,0.2657,0.5557
2011-02,0,Winter,Weekend / holiday,Mist / cloudy,76,66,10,2,0.29,0.56
2011-02,0,Winter,Working day,Clear,169,142,27,11,0.2436,0.4973
2011-02,0,Winter,Working day,Light rain / snow,27,26,1,3,0.2267,0.9067
2011-02,0,Winter,Working day,Mist / cloudy,61,47,14,4,0.25,0.6525
2011-02,1,Winter,Weekend / holiday,Clear,203,172,31,7,0.2571,0.5771
2011-02,1,Winter,Weekend / holiday,Mist / cloudy,31,28,3,2,0.29,0.535
2011-02,1,Winter,Working day,Clear,70,66,4,11,0.24,0.5118
2011-02,1,Winter,Working day,Light rain / snow,18,17,1,3,0.2333,0.8667
2011-02,1,Winter,Working day,Mist / cloudy,24,23,1,4,0.23,0.7875
2011-02,2,Winter,Weekend / holiday,Clear,103,93,10,6,0.26,0.5683
2011-02,2,Winter,Weekend / holiday,Mist / cloudy,41,34,7,3,0.26,0.64
2011-02,2,Winter,Working day,Clear,28,24,4,9,0.2178,0.5356
2011-02,2,Winter,Working day,Light rain / snow,7,3,4,2,0.18,0.865
2011-02,2,Winter,Working day,Mist / cloudy,14,11,3,5,0.244,0.756
2011-02,3,Winter,Weekend / holiday,Clear,67,48,19,6,0.25,0.5667
2011-02,3,Winter,Weekend / holiday,Mist / cloudy,28,21,7,3,0.26,0.62
2011-02,3,Winter,Working day,Clear,22,16,6,8,0.2375,0.5675
2011-02,3,Winter,Working day,Light rain / snow,3,3,0,3,0.2733,0.93
2011-02,3,Winter,Working day,Mist / cloudy,6,5,1,4,0.205,0.68
2011-02,4,Winter,Weekend / holiday,Clear,13,12,1,6,0.26,0.5417
2011-02,4,Winter,Weekend / holiday,Light rain / snow,8,8,0,1,0.22,0.93
2011-02,4,Winter,Weekend / holiday,Mist / cloudy,4,3,1,2,0.21,0.645
2011-02,4,Winter,Working day,Clear,14,10,4,7,0.2829,0.6343
2011-02,4,Winter,Working day,Light rain / snow,1,1,0,1,0.22,0.93
2011-02,4,Winter,Working day,Mist / cloudy,1,1,0,1,0.14,0.59
2011-02,5,Winter,Weekend / holiday,Clear,5,5,0,3,0.26,0.4967
2011-02,5,Winter,Weekend / holiday,Light rain / snow,9,9,0,1,0.2,1.0
2011-02,5,Winter,Weekend / holiday,Mist / cloudy,13,11,2,2,0.28,0.5
2011-02,5,Winter,Working day,Clear,61,58,3,11,0.1945,0.5836
2011-02,5,Winter,Working day,Light rain / snow,6,6,0,2,0.18,0.93
2011-02,5,Winter,Working day,Mist / cloudy,31,28,3,5,0.276,0.732
2011-02,6,Winter,Weekend / holiday,Clear,21,13,8,6,0.24,0.6067
2011-02,6,Winter,Weekend / holiday,Light rain / snow,4,4,0,1,0.2,1.0
2011-02,6,Winter,Weekend / holiday,Mist / cloudy,13,9,4,2,0.31,0.475
2011-02,6,Winter,Working day,Clear,405,398,7,11,0.1927,0.5827
2011-02,6,Winter,Working day,Light rain / snow,51,50,1,3,0.2333,0.93
2011-02,6,Winter,Working day,Mist / cloudy,139,134,5,5,0.236,0.714
2011-02,7,Winter,Weekend / holiday,Clear,79,64,15,6,0.23,0.6
2011-02,7,Winter,Weekend / holiday,Light rain / snow,4,4,0,1,0.22,0.93
2011-02,7,Winter,Weekend / holiday,Mist / cloudy,22,19,3,2,0.32,0.405
2011-02,7,Winter,Working day,Clear,1170,1142,28,12,0.1767,0.5775
2011-02,7,Winter,Working day,Light rain / snow,136,134,2,3,0.24,0.9533
2011-02,7,Winter,Working day,Mist / cloudy,356,341,15,4,0.275,0.7625
2011-02,8,Winter,Weekend / holiday,Clear,157,133,24,5,0.244,0.612
2011-02,8,Winter,Weekend / holiday,Light rain / snow,10,10,0,1,0.2,1.0
2011-02,8,Winter,Weekend / holiday,Mist / cloudy,132,122,10,3,0.26,0.6033
2011-02,8,Winter,Working day,Clear,2495,2420,75,11,0.1909,0.5436
2011-02,8,Winter,Working day,Light rain / snow,363,356,7,3,0.2467,0.93
2011-02,8,Winter,Working day,Mist / cloudy,1101,1042,59,5,0.252,0.81
2011-02,9,Winter,Weekend / holiday,Clear,257,203,54,5,0.268,0.54
2011-02,9,Winter,Weekend / holiday,Light rain / snow,20,17,3,1,0.2,1.0
2011-02,9,Winter,Weekend / holiday,Mist / cloudy,178,146,32,3,0.2733,0.5767
2011-02,9,Winter,Working day,Clear,1595,1514,81,12,0.2333,0.535
2011-02,9,Winter,Working day,Light rain / snow,114,111,3,1,0.34,0.93
2011-02,9,Winter,Working day,Mist / cloudy,778,745,33,6,0.2267,0.82
2011-02,10,Winter,Weekend / holiday,Clear,487,382,105,5,0.308,0.47
2011-02,10,Winter,Weekend / holiday,Light rain / snow,34,31,3,1,0.2,1.0
2011-02,10,Winter,Weekend / holiday,Mist / cloudy,270,193,77,3,0.2933,0.49
2011-02,10,Winter,Working day,Clear,652,576,76,12,0.2267,0.48
2011-02,10,Winter,Working day,Light rain / snow,49,42,7,1,0.42,0.94
2011-02,10,Winter,Working day,Mist / cloudy,403,358,45,6,0.3,0.7633
2011-02,11,Winter,Weekend / holiday,Clear,717,527,190,6,0.34,0.3983
2011-02,11,Winter,Weekend / holiday,Light rain / snow,47,46,1,1,0.22,1.0
2011-02,11,Winter,Weekend / holiday,Mist / cloudy,251,159,92,2,0.31,0.45
2011-02,11,Winter,Working day,Clear,801,673,128,13,0.2892,0.4831
2011-02,11,Winter,Working day,Mist / cloudy,400,352,48,6,0.3133,0.645
2011-02,12,Winter,Weekend / holiday,Clear,940,646,294,6,0.3567,0.37
2011-02,12,Winter,Weekend / holiday,Light rain / snow,52,42,10,1,0.22,1.0
2011-02,12,Winter,Weekend / holiday,Mist / cloudy,253,182,71,2,0.32,0.555
2011-02,12,Winter,Working day,Clear,965,811,154,11,0.3164,0.3918
2011-02,12,Winter,Working day,Light rain / snow,115,95,20,1,0.54,0.6
2011-02,12,Winter,Working day,Mist / cloudy,463,429,34,7,0.3,0.6371
2011-02,13,Winter,Weekend / holiday,Clear,1083,724,359,6,0.37,0.3433
2011-02,13,Winter,Weekend / holiday,Light rain / snow,175,137,38,2,0.26,0.905
2011-02,13,Winter,Weekend / holiday,Mist / cloudy,174,136,38,1,0.34,0.42
2011-02,13,Winter,Working day,Clear,1103,946,157,12,0.3433,0.3892
2011-02,13,Winter,Working day,Light rain / snow,115,108,7,2,0.5,0.77
2011-02,13,Winter,Working day,Mist / cloudy,336,296,40,5,0.288,0.558
2011-02,14,Winter,Weekend / holiday,Clear,971,579,392,5,0.388,0.332
2011-02,14,Winter,Weekend / holiday,Light rain / snow,55,50,5,1,0.22,1.0
2011-02,14,Winter,Weekend / holiday,Mist / cloudy,488,365,123,3,0.3533,0.4733
2011-02,14,Winter,Working day,Clear,1023,823,200,13,0.3631,0.3508
2011-02,14,Winter,Working day,Light rain / snow,110,95,15,2,0.49,0.78
2011-02,14,Winter,Working day,Mist / cloudy,274,244,30,4,0.315,0.58
2011-02,15,Winter,Weekend / holiday,Clear,956,609,347,5,0.388,0.324
2011-02,15,Winter,Weekend / holiday,Light rain / snow,60,49,11,1,0.22,1.0
2011-02,15,Winter,Weekend / holiday,Mist / cloudy,414,323,91,3,0.3533,0.4667
2011-02,15,Winter,Working day,Clear,1077,885,192,13,0.3846,0.3385
2011-02,15,Winter,Working day,Light rain / snow,98,93,5,2,0.41,0.77
2011-02,15,Winter,Working day,Mist / cloudy,256,233,23,4,0.275,0.5275
2011-02,16,Winter,Weekend / holiday,Clear,1008,687,321,6,0.3867,0.355
2011-02,16,Winter,Weekend / holiday,Light rain / snow,127,111,16,2,0.25,0.875
2011-02,16,Winter,Weekend / holiday,Mist / cloudy,134,106,28,1,0.42,0.28
2011-02,16,Winter,Working day,Clear,1321,1122,199,12,0.3467,0.3633
2011-02,16,Winter,Working day,Light rain / snow,113,107,6,2,0.4,0.81
2011-02,16,Winter,Working day,Mist / cloudy,502,439,63,5,0.332,0.492
2011-02,17,Winter,Weekend / holiday,Clear,1026,733,293,7,0.3743,0.3629
2011-02,17,Winter,Weekend / holiday,Mist / cloudy,158,126,32,2,0.26,0.875
2011-02,17,Winter,Working day,Clear,2555,2381,174,12,0.3367,0.3475
2011-02,17,Winter,Working day,Light rain / snow,256,245,11,2,0.38,0.83
2011-02,17,Winter,Working day,Mist / cloudy,1037,987,50,5,0.32,0.534
2011-02,18,Winter,Weekend / holiday,Clear,589,484,105,6,0.3467,0.4183
2011-02,18,Winter,Weekend / holiday,Mist / cloudy,250,216,34,3,0.2867,0.72
2011-02,18,Winter,Working day,Clear,2211,2099,112,12,0.315,0.3558
2011-02,18,Winter,Working day,Light rain / snow,131,127,4,1,0.46,0.94
2011-02,18,Winter,Working day,Mist / cloudy,1027,998,29,6,0.3133,0.6383
2011-02,19,Winter,Weekend / holiday,Clear,378,313,65,6,0.3367,0.4433
2011-02,19,Winter,Weekend / holiday,Mist / cloudy,175,166,9,3,0.2867,0.72
2011-02,19,Winter,Working day,Clear,1591,1497,94,13,0.3031,0.4031
2011-02,19,Winter,Working day,Light rain / snow,283,278,5,3,0.3067,0.89
2011-02,19,Winter,Working day,Mist / cloudy,339,330,9,3,0.2667,0.72
2011-02,20,Winter,Weekend / holiday,Clear,378,326,52,7,0.3229,0.5171
2011-02,20,Winter,Weekend / holiday,Light rain / snow,29,29,0,1,0.24,0.81
2011-02,20,Winter,Weekend / holiday,Mist / cloudy,42,30,12,1,0.34,0.42
2011-02,20,Winter,Working day,Clear,1228,1162,66,13,0.2908,0.4531
2011-02,20,Winter,Working day,Light rain / snow,129,129,0,2,0.29,0.87
2011-02,20,Winter,Working day,Mist / cloudy,322,307,15,4,0.28,0.7875
2011-02,21,Winter,Weekend / holiday,Clear,355,311,44,7,0.3086,0.5557
2011-02,21,Winter,Weekend / holiday,Light rain / snow,34,33,1,1,0.22,0.75
2011-02,21,Winter,Weekend / holiday,Mist / cloudy,56,39,17,1,0.32,0.53
2011-02,21,Winter,Working day,Clear,1001,940,61,14,0.2843,0.4786
2011-02,21,Winter,Working day,Mist / cloudy,353,342,11,5,0.264,0.834
2011-02,22,Winter,Weekend / holiday,Clear,278,250,28,6,0.29,0.5583
2011-02,22,Winter,Weekend / holiday,Light rain / snow,11,11,0,1,0.2,0.75
2011-02,22,Winter,Weekend / holiday,Mist / cloudy,116,110,6,2,0.35,0.595
2011-02,22,Winter,Working day,Clear,771,706,65,14,0.2671,0.4736
2011-02,22,Winter,Working day,Light rain / snow,177,164,13,3,0.28,0.8667
2011-02,22,Winter,Working day,Mist / cloudy,82,79,3,2,0.23,0.76
2011-02,23,Winter,Weekend / holiday,Clear,214,190,24,6,0.28,0.5867
2011-02,23,Winter,Weekend / holiday,Light rain / snow,2,2,0,1,0.2,0.75
2011-02,23,Winter,Weekend / holiday,Mist / cloudy,113,98,15,2,0.33,0.615
2011-02,23,Winter,Working day,Clear,442,397,45,12,0.2617,0.4542
2011-02,23,Winter,Working day,Light rain / snow,53,52,1,2,0.18,0.865
2011-02,23,Winter,Working day,Mist / cloudy,171,161,10,5,0.28,0.738
2011-03,0,Spring,Weekend / holiday,Mist / cloudy,59,51,8,2,0.26,0.395
2011-03,0,Spring,Working day,Clear,57,50,7,4,0.295,0.5775
2011-03,0,Spring,Working day,Light rain / snow,27,22,5,3,0.3133,0.7667
2011-03,0,Spring,Working day,Mist / cloudy,22,19,3,2,0.32,0.75
2011-03,0,Winter,Weekend / holiday,Clear,112,98,14,3,0.3267,0.57
2011-03,0,Winter,Weekend / holiday,Mist / cloudy,147,106,41,3,0.4333,0.7033
2011-03,0,Winter,Working day,Clear,124,97,27,9,0.2956,0.5822
2011-03,0,Winter,Working day,Light rain / snow,15,12,3,3,0.28,0.6433
2011-03,0,Winter,Working day,Mist / cloudy,18,18,0,2,0.27,0.775
2011-03,1,Spring,Weekend / holiday,Clear,27,24,3,1,0.26,0.38
2011-03,1,Spring,Weekend / holiday,Mist / cloudy,20,17,3,1,0.24,0.52
2011-03,1,Spring,Working day,Clear,44,35,9,5,0.28,0.568
2011-03,1,Spring,Working day,Light rain / snow,12,11,1,2,0.29,0.845
2011-03,1,Spring,Working day,Mist / cloudy,10,9,1,2,0.32,0.855
2011-03,1,Winter,Weekend / holiday,Clear,75,60,15,3,0.3067,0.6133
2011-03,1,Winter,Weekend / holiday,Mist / cloudy,115,82,33,3,0.4333,0.68
2011-03,1,Winter,Working day,Clear,55,46,9,9,0.2822,0.5922
2011-03,1,Winter,Working day,Light rain / snow,15,14,1,4,0.295,0.75
2011-03,1,Winter,Working day,Mist / cloudy,4,4,0,1,0.18,0.64
2011-03,2,Spring,Weekend / holiday,Clear,25,21,4,1,0.22,0.44
2011-03,2,Spring,Weekend / holiday,Light rain / snow,21,15,6,1,0.22,0.55
2011-03,2,Spring,Working day,Clear,14,14,0,4,0.275,0.5975
2011-03,2,Spring,Working day,Light rain / snow,7,6,1,2,0.29,0.845
2011-03,2,Spring,Working day,Mist / cloudy,16,15,1,3,0.32,0.76
2011-03,2,Winter,Weekend / holiday,Clear,44,38,6,2,0.27,0.585
2011-03,2,Winter,Weekend / holiday,Mist / cloudy,77,62,15,3,0.42,0.7067
2011-03,2,Winter,Working day,Clear,38,26,12,9,0.2733,0.5833
2011-03,2,Winter,Working day,Light rain / snow,6,4,2,2,0.34,0.5
2011-03,2,Winter,Working day,Mist / cloudy,2,2,0,1,0.18,0.64
2011-03,3,Spring,Weekend / holiday,Clear,9,7,2,1,0.2,0.47
2011-03,3,Spring,Weekend / holiday,Light rain / snow,14,14,0,1,0.2,0.69
2011-03,3,Spring,Working day,Clear,12,7,5,4,0.275,0.5675
2011-03,3,Spring,Working day,Light rain / snow,1,1,0,1,0.24,0.93
2011-03,3,Spring,Working day,Mist / cloudy,9,8,1,4,0.32,0.74
2011-03,3,Winter,Weekend / holiday,Clear,42,34,8,3,0.2867,0.6567
2011-03,3,Winter,Weekend / holiday,Mist / cloudy,21,18,3,3,0.42,0.6933
2011-03,3,Winter,Working day,Clear,28,17,11,9,0.2533,0.6322
2011-03,3,Winter,Working day,Mist / cloudy,6,5,1,3,0.26,0.89
2011-03,4,Spring,Weekend / holiday,Clear,6,4,2,1,0.22,0.44
2011-03,4,Spring,Weekend / holiday,Light rain / snow,6,5,1,1,0.18,0.74
2011-03,4,Spring,Working day,Clear,7,3,4,2,0.19,0.59
2011-03,4,Spring,Working day,Light rain / snow,2,2,0,1,0.24,0.93
2011-03,4,Spring,Working day,Mist / cloudy,3,2,1,3,0.34,0.7967
2011-03,4,Winter,Weekend / holiday,Clear,20,13,7,4,0.34,0.5525
2011-03,4,Winter,Weekend / holiday,Mist / cloudy,4,4,0,2,0.36,0.905
2011-03,4,Winter,Working day,Clear,13,10,3,8,0.2275,0.675
2011-03,4,Winter,Working day,Mist / cloudy,2,1,1,2,0.24,0.835
2011-03,5,Spring,Weekend / holiday,Clear,8,8,0,1,0.2,0.51
2011-03,5,Spring,Working day,Clear,27,26,1,4,0.225,0.5875
2011-03,5,Spring,Working day,Light rain / snow,18,18,0,2,0.28,0.9
2011-03,5,Spring,Working day,Mist / cloudy,28,26,2,3,0.3267,0.7867
2011-03,5,Winter,Weekend / holiday,Clear,16,13,3,4,0.34,0.5625
2011-03,5,Winter,Weekend / holiday,Mist / cloudy,3,3,0,1,0.3,1.0
2011-03,5,Winter,Working day,Clear,75,68,7,10,0.244,0.678
2011-03,5,Winter,Working day,Light rain / snow,3,2,1,1,0.36,0.0
2011-03,5,Winter,Working day,Mist / cloudy,18,17,1,3,0.2333,0.8267
2011-03,6,Spring,Weekend / holiday,Clear,10,8,2,1,0.18,0.55
2011-03,6,Spring,Weekend / holiday,Light rain / snow,2,2,0,1,0.16,0.86
2011-03,6,Spring,Working day,Clear,182,176,6,4,0.245,0.59
2011-03,6,Spring,Working day,Light rain / snow,68,64,4,2,0.28,0.845
2011-03,6,Spring,Working day,Mist / cloudy,133,128,5,3,0.3067,0.7633
2011-03,6,Winter,Weekend / holiday,Clear,20,17,3,4,0.315,0.6125
2011-03,6,Winter,Weekend / holiday,Mist / cloudy,6,4,2,2,0.36,0.97
2011-03,6,Winter,Working day,Clear,382,364,18,10,0.242,0.649
2011-03,6,Winter,Working day,Light rain / snow,12,12,0,1,0.36,0.0
2011-03,6,Winter,Working day,Mist / cloudy,109,102,7,3,0.2333,0.84
2011-03,7,Spring,Weekend / holiday,Clear,41,23,18,1,0.2,0.51
2011-03,7,Spring,Weekend / holiday,Light rain / snow,7,7,0,1,0.16,0.86
2011-03,7,Spring,Working day,Clear,347,332,15,3,0.2067,0.44
2011-03,7,Spring,Working day,Light rain / snow,218,208,10,3,0.2667,0.9333
2011-03,7,Spring,Working day,Mist / cloudy,390,371,19,3,0.3467,0.7133
2011-03,7,Winter,Weekend / holiday,Clear,60,45,15,4,0.31,0.605
2011-03,7,Winter,Weekend / holiday,Light rain / snow,5,5,0,1,0.42,1.0
2011-03,7,Winter,Weekend / holiday,Mist / cloudy,15,10,5,1,0.3,1.0
2011-03,7,Winter,Working day,Clear,1126,1066,60,10,0.23,0.671
2011-03,7,Winter,Working day,Light rain / snow,37,36,1,1,0.38,0.0
2011-03,7,Winter,Working day,Mist / cloudy,340,308,32,3,0.2733,0.8033
2011-03,8,Spring,Weekend / holiday,Clear,80,50,30,2,0.21,0.565
2011-03,8,Spring,Working day,Clear,778,735,43,3,0.22,0.4
2011-03,8,Spring,Working day,Light rain / snow,124,120,4,1,0.26,1.0
2011-03,8,Spring,Working day,Mist / cloudy,1150,1086,64,5,0.316,0.762
2011-03,8,Winter,Weekend / holiday,Clear,172,134,38,4,0.34,0.545
2011-03,8,Winter,Weekend / holiday,Mist / cloudy,54,42,12,2,0.35,1.0
2011-03,8,Winter,Working day,Clear,2506,2373,133,10,0.25,0.64
2011-03,8,Winter,Working day,Light rain / snow,44,43,1,1,0.38,0.0
2011-03,8,Winter,Working day,Mist / cloudy,743,682,61,3,0.2867,0.7867
2011-03,9,Spring,Weekend / holiday,Clear,154,105,49,2,0.23,0.48
2011-03,9,Spring,Working day,Clear,338,306,32,2,0.26,0.38
2011-03,9,Spring,Working day,Light rain / snow,132,126,6,1,0.26,0.93
2011-03,9,Spring,Working day,Mist / cloudy,859,798,61,6,0.31,0.65
2011-03,9,Winter,Weekend / holiday,Clear,299,196,103,4,0.35,0.5275
2011-03,9,Winter,Weekend / holiday,Mist / cloudy,85,66,19,2,0.37,0.965
2011-03,9,Winter,Working day,Clear,1387,1280,107,9,0.2822,0.5456
2011-03,9,Winter,Working day,Light rain / snow,24,23,1,1,0.4,0.0
2011-03,9,Winter,Working day,Mist / cloudy,608,570,38,4,0.295,0.7775
2011-03,10,Spring,Weekend / holiday,Clear,125,93,32,1,0.26,0.41
2011-03,10,Spring,Weekend / holiday,Mist / cloudy,86,59,27,1,0.22,0.55
2011-03,10,Spring,Working day,Clear,196,146,50,3,0.2667,0.34
2011-03,10,Spring,Working day,Light rain / snow,69,54,15,1,0.26,0.93
2011-03,10,Spring,Working day,Mist / cloudy,390,306,84,5,0.352,0.7
2011-03,10,Winter,Weekend / holiday,Clear,361,249,112,3,0.3933,0.5033
2011-03,10,Winter,Weekend / holiday,Mist / cloudy,270,177,93,3,0.36,0.7933
2011-03,10,Winter,Working day,Clear,603,468,135,8,0.315,0.4988
2011-03,10,Winter,Working day,Light rain / snow,17,17,0,1,0.4,0.0
2011-03,10,Winter,Working day,Mist / cloudy,352,260,92,5,0.32,0.624
2011-03,11,Spring,Weekend / holiday,Clear,168,93,75,1,0.28,0.38
2011-03,11,Spring,Weekend / holiday,Mist / cloudy,108,85,23,1,0.24,0.48
2011-03,11,Spring,Working day,Clear,161,122,39,2,0.37,0.48
2011-03,11,Spring,Working day,Light rain / snow,58,52,6,1,0.28,0.93
2011-03,11,Spring,Working day,Mist / cloudy,449,327,122,6,0.3333,0.5667
2011-03,11,Winter,Weekend / holiday,Clear,699,393,306,4,0.395,0.4125
2011-03,11,Winter,Weekend / holiday,Mist / cloudy,221,160,61,2,0.41,0.88
2011-03,11,Winter,Working day,Clear,644,482,162,8,0.3375,0.4662
2011-03,11,Winter,Working day,Light rain / snow,11,5,6,1,0.4,0.0
2011-03,11,Winter,Working day,Mist / cloudy,371,276,95,5,0.34,0.592
2011-03,12,Spring,Weekend / holiday,Clear,227,129,98,1,0.3,0.36
2011-03,12,Spring,Weekend / holiday,Mist / cloudy,163,120,43,1,0.26,0.44
2011-03,12,Spring,Working day,Clear,372,271,101,3,0.3733,0.38
2011-03,12,Spring,Working day,Light rain / snow,90,73,17,1,0.28,0.93
2011-03,12,Spring,Working day,Mist / cloudy,421,347,74,5,0.336,0.61
2011-03,12,Winter,Weekend / holiday,Clear,847,476,371,4,0.405,0.41
2011-03,12,Winter,Weekend / holiday,Mist / cloudy,246,190,56,2,0.45,0.805
2011-03,12,Winter,Working day,Clear,632,497,135,7,0.3457,0.3914
2011-03,12,Winter,Working day,Light rain / snow,34,30,4,1,0.42,0.0
2011-03,12,Winter,Working day,Mist / cloudy,693,508,185,6,0.39,0.5367
2011-03,13,Spring,Weekend / holiday,Clear,386,245,141,2,0.31,0.36
2011-03,13,Spring,Working day,Clear,348,269,79,3,0.3867,0.3633
2011-03,13,Spring,Working day,Light rain / snow,176,149,27,2,0.32,0.87
2011-03,13,Spring,Working day,Mist / cloudy,394,320,74,4,0.37,0.5075
2011-03,13,Winter,Weekend / holiday,Clear,882,461,421,4,0.425,0.3925
2011-03,13,Winter,Weekend / holiday,Mist / cloudy,295,213,82,2,0.46,0.805
2011-03,13,Winter,Working day,Clear,797,611,186,8,0.385,0.3713
2011-03,13,Winter,Working day,Light rain / snow,12,11,1,1,0.42,0.0
2011-03,13,Winter,Working day,Mist / cloudy,504,395,109,5,0.396,0.552
2011-03,14,Spring,Weekend / holiday,Clear,380,226,154,2,0.33,0.325
2011-03,14,Spring,Working day,Clear,400,305,95,4,0.385,0.3025
2011-03,14,Spring,Working day,Light rain / snow,76,49,27,1,0.3,0.87
2011-03,14,Spring,Working day,Mist / cloudy,348,266,82,4,0.39,0.6675
2011-03,14,Winter,Weekend / holiday,Clear,1007,480,527,4,0.44,0.38
2011-03,14,Winter,Weekend / holiday,Light rain / snow,39,27,12,1,0.44,1.0
2011-03,14,Winter,Weekend / holiday,Mist / cloudy,198,118,80,1,0.48,0.59
2011-03,14,Winter,Working day,Clear,718,507,211,7,0.4171,0.3429
2011-03,14,Winter,Working day,Light rain / snow,12,12,0,1,0.44,0.0
2011-03,14,Winter,Working day,Mist / cloudy,499,374,125,6,0.3733,0.5033
2011-03,15,Spring,Weekend / holiday,Clear,391,220,171,2,0.33,0.325
2011-03,15,Spring,Working day,Clear,293,197,96,3,0.4,0.3033
2011-03,15,Spring,Working day,Light rain / snow,135,117,18,2,0.29,0.84
2011-03,15,Spring,Working day,Mist / cloudy,404,296,108,4,0.395,0.62
2011-03,15,Winter,Weekend / holiday,Clear,1107,535,572,4,0.45,0.36
2011-03,15,Winter,Weekend / holiday,Light rain / snow,7,4,3,1,0.44,1.0
2011-03,15,Winter,Weekend / holiday,Mist / cloudy,205,122,83,1,0.46,0.63
2011-03,15,Winter,Working day,Clear,670,521,149,7,0.3886,0.3229
2011-03,15,Winter,Working day,Light rain / snow,14,11,3,1,0.44,0.0
2011-03,15,Winter,Working day,Mist / cloudy,640,461,179,6,0.42,0.5
2011-03,16,Spring,Weekend / holiday,Clear,391,228,163,2,0.34,0.285
2011-03,16,Spring,Working day,Clear,433,366,67,3,0.4067,0.29
2011-03,16,Spring,Working day,Light rain / snow,36,36,0,1,0.28,0.87
2011-03,16,Spring,Working day,Mist / cloudy,596,512,84,5,0.376,0.652
2011-03,16,Winter,Weekend / holiday,Clear,1028,537,491,4,0.46,0.3625
2011-03,16,Winter,Weekend / holiday,Light rain / snow,11,8,3,1,0.36,1.0
2011-03,16,Winter,Weekend / holiday,Mist / cloudy,204,130,74,1,0.48,0.59
2011-03,16,Winter,Working day,Clear,1113,873,240,9,0.4222,0.3356
2011-03,16,Winter,Working day,Light rain / snow,21,20,1,1,0.42,0.0
2011-03,16,Winter,Working day,Mist / cloudy,490,411,79,4,0.365,0.6175
2011-03,17,Spring,Weekend / holiday,Clear,362,210,152,2,0.32,0.275
2011-03,17,Spring,Working day,Clear,858,757,101,3,0.4133,0.2833
2011-03,17,Spring,Working day,Light rain / snow,116,105,11,1,0.26,0.93
2011-03,17,Spring,Working day,Mist / cloudy,1171,1052,119,5,0.372,0.666
2011-03,17,Winter,Weekend / holiday,Clear,958,540,418,4,0.445,0.3775
2011-03,17,Winter,Weekend / holiday,Light rain / snow,25,23,2,1,0.34,1.0
2011-03,17,Winter,Weekend / holiday,Mist / cloudy,164,104,60,1,0.48,0.59
2011-03,17,Winter,Working day,Clear,2332,1999,333,9,0.4133,0.3367
2011-03,17,Winter,Working day,Mist / cloudy,1003,902,101,5,0.388,0.484
2011-03,18,Spring,Weekend / holiday,Clear,137,105,32,1,0.3,0.33
2011-03,18,Spring,Weekend / holiday,Mist / cloudy,153,89,64,1,0.32,0.21
2011-03,18,Spring,Working day,Clear,1045,933,112,4,0.365,0.3125
2011-03,18,Spring,Working day,Light rain / snow,238,218,20,1,0.38,0.82
2011-03,18,Spring,Working day,Mist / cloudy,752,673,79,4,0.345,0.7825
2011-03,18,Winter,Weekend / holiday,Clear,665,406,259,4,0.415,0.42
2011-03,18,Winter,Weekend / holiday,Light rain / snow,23,23,0,1,0.32,1.0
2011-03,18,Winter,Weekend / holiday,Mist / cloudy,152,115,37,1,0.48,0.59
2011-03,18,Winter,Working day,Clear,1779,1587,192,8,0.38,0.3538
2011-03,18,Winter,Working day,Light rain / snow,82,80,2,1,0.44,0.0
2011-03,18,Winter,Working day,Mist / cloudy,1147,1026,121,5,0.388,0.608
2011-03,19,Spring,Weekend / holiday,Clear,103,80,23,1,0.3,0.31
2011-03,19,Spring,Weekend / holiday,Mist / cloudy,138,93,45,1,0.28,0.45
2011-03,19,Spring,Working day,Clear,722,647,75,4,0.38,0.4025
2011-03,19,Spring,Working day,Light rain / snow,159,147,12,1,0.38,0.82
2011-03,19,Spring,Working day,Mist / cloudy,501,453,48,4,0.325,0.675
2011-03,19,Winter,Weekend / holiday,Clear,446,333,113,4,0.395,0.45
2011-03,19,Winter,Weekend / holiday,Light rain / snow,11,11,0,1,0.3,1.0
2011-03,19,Winter,Weekend / holiday,Mist / cloudy,89,62,27,1,0.46,0.67
2011-03,19,Winter,Working day,Clear,1442,1302,140,10,0.362,0.443
2011-03,19,Winter,Working day,Light rain / snow,56,51,5,1,0.44,0.0
2011-03,19,Winter,Working day,Mist / cloudy,454,411,43,3,0.3733,0.66
2011-03,20,Spring,Weekend / holiday,Clear,57,50,7,1,0.28,0.36
2011-03,20,Spring,Weekend / holiday,Mist / cloudy,85,67,18,1,0.28,0.45
2011-03,20,Spring,Working day,Clear,484,442,42,4,0.38,0.42
2011-03,20,Spring,Working day,Light rain / snow,204,191,13,3,0.2933,0.91
2011-03,20,Spring,Working day,Mist / cloudy,216,191,25,2,0.37,0.465
2011-03,20,Winter,Weekend / holiday,Clear,338,233,105,4,0.375,0.49
2011-03,20,Winter,Weekend / holiday,Light rain / snow,11,8,3,1,0.28,1.0
2011-03,20,Winter,Weekend / holiday,Mist / cloudy,70,58,12,1,0.44,0.77
2011-03,20,Winter,Working day,Clear,912,793,119,9,0.3511,0.4633
2011-03,20,Winter,Working day,Light rain / snow,38,29,9,1,0.36,0.0
2011-03,20,Winter,Working day,Mist / cloudy,387,355,32,4,0.345,0.705
2011-03,21,Spring,Weekend / holiday,Clear,36,29,7,1,0.26,0.41
2011-03,21,Spring,Weekend / holiday,Mist / cloudy,51,36,15,1,0.26,0.44
2011-03,21,Spring,Working day,Clear,313,276,37,4,0.345,0.555
2011-03,21,Spring,Working day,Light rain / snow,22,22,0,1,0.32,1.0
2011-03,21,Spring,Working day,Mist / cloudy,249,207,42,4,0.31,0.6975
2011-03,21,Winter,Weekend / holiday,Clear,233,168,65,3,0.36,0.5167
2011-03,21,Winter,Weekend / holiday,Light rain / snow,7,6,1,1,0.24,0.93
2011-03,21,Winter,Weekend / holiday,Mist / cloudy,121,99,22,2,0.39,0.625
2011-03,21,Winter,Working day,Clear,628,560,68,8,0.3425,0.4575
2011-03,21,Winter,Working day,Light rain / snow,83,80,3,2,0.34,0.405
2011-03,21,Winter,Working day,Mist / cloudy,263,234,29,4,0.335,0.6825
2011-03,22,Spring,Weekend / holiday,Clear,30,25,5,1,0.26,0.41
2011-03,22,Spring,Weekend / holiday,Mist / cloudy,63,46,17,1,0.28,0.41
2011-03,22,Spring,Working day,Clear,235,208,27,4,0.34,0.56
2011-03,22,Spring,Working day,Light rain / snow,75,65,10,2,0.26,0.93
2011-03,22,Spring,Working day,Mist / cloudy,157,135,22,3,0.3333,0.63
2011-03,22,Winter,Weekend / holiday,Clear,172,130,42,3,0.3533,0.5467
2011-03,22,Winter,Weekend / holiday,Mist / cloudy,111,87,24,3,0.3267,0.7667
2011-03,22,Winter,Working day,Clear,598,485,113,10,0.324,0.512
2011-03,22,Winter,Working day,Light rain / snow,21,17,4,1,0.32,0.93
2011-03,22,Winter,Working day,Mist / cloudy,114,98,16,3,0.3533,0.4967
2011-03,23,Spring,Weekend / holiday,Clear,19,16,3,1,0.26,0.44
2011-03,23,Spring,Weekend / holiday,Mist / cloudy,41,31,10,1,0.26,0.44
2011-03,23,Spring,Working day,Clear,82,64,18,3,0.3267,0.59
2011-03,23,Spring,Working day,Light rain / snow,65,58,7,3,0.2733,0.9433
2011-03,23,Spring,Working day,Mist / cloudy,106,86,20,3,0.3267,0.51
2011-03,23,Winter,Weekend / holiday,Clear,127,98,29,3,0.34,0.57
2011-03,23,Winter,Weekend / holiday,Light rain / snow,24,11,13,1,0.34,0.61
2011-03,23,Winter,Weekend / holiday,Mist / cloudy,53,43,10,2,0.33,0.885
2011-03,23,Winter,Working day,Clear,243,217,26,8,0.3125,0.545
2011-03,23,Winter,Working day,Light rain / snow,45,43,2,2,0.34,0.465
2011-03,23,Winter,Working day,Mist / cloudy,173,140,33,4,0.35,0.645
2011-04,0,Spring,Weekend / holiday,Clear,162,118,44,3,0.42,0.7167
2011-04,0,Spring,Weekend / holiday,Mist / cloudy,316,259,57,7,0.3629,0.7814
2011-04,0,Spring,Working day,Clear,437,339,98,15,0.4893,0.612
2011-04,0,Spring,Working day,Light rain / snow,18,16,2,2,0.39,1.0
2011-04,0,Spring,Working day,Mist / cloudy,64,46,18,3,0.46,0.7533
2011-04,1,Spring,Weekend / holiday,Clear,166,128,38,5,0.384,0.686
2011-04,1,Spring,Weekend / holiday,Mist / cloudy,180,146,34,5,0.36,0.83
2011-04,1,Spring,Working day,Clear,202,135,67,14,0.4571,0.6686
2011-04,1,Spring,Working day,Light rain / snow,19,9,10,2,0.44,0.785
2011-04,1,Spring,Working day,Mist / cloudy,43,26,17,4,0.495,0.7725
2011-04,2,Spring,Weekend / holiday,Clear,164,119,45,5,0.36,0.742
2011-04,2,Spring,Weekend / holiday,Light rain / snow,17,14,3,1,0.32,1.0
2011-04,2,Spring,Weekend / holiday,Mist / cloudy,142,111,31,4,0.375,0.7875
2011-04,2,Spring,Working day,Clear,130,75,55,14,0.44,0.7264
2011-04,2,Spring,Working day,Light rain / snow,22,19,3,3,0.3333,0.8967
2011-04,2,Spring,Working day,Mist / cloudy,40,19,21,3,0.5867,0.6967
2011-04,3,Spring,Weekend / holiday,Clear,72,52,20,5,0.368,0.734
2011-04,3,Spring,Weekend / holiday,Light rain / snow,18,15,3,2,0.31,1.0
2011-04,3,Spring,Weekend / holiday,Mist / cloudy,47,33,14,3,0.3867,0.76
2011-04,3,Spring,Working day,Clear,50,25,25,10,0.402,0.692
2011-04,3,Spring,Working day,Light rain / snow,3,3,0,2,0.37,0.85
2011-04,3,Spring,Working day,Mist / cloudy,36,24,12,7,0.5057,0.77
2011-04,4,Spring,Weekend / holiday,Clear,23,18,5,5,0.352,0.784
2011-04,4,Spring,Weekend / holiday,Light rain / snow,8,6,2,2,0.32,1.0
2011-04,4,Spring,Weekend / holiday,Mist / cloudy,17,11,6,3,0.38,0.78
2011-04,4,Spring,Working day,Clear,55,42,13,12,0.4117,0.7642
2011-04,4,Spring,Working day,Light rain / snow,5,4,1,2,0.45,0.91
2011-04,4,Spring,Working day,Mist / cloudy,30,19,11,6,0.4533,0.8
2011-04,5,Spring,Weekend / holiday,Clear,40,27,13,5,0.384,0.73
2011-04,5,Spring,Weekend / holiday,Light rain / snow,7,6,1,1,0.34,1.0
2011-04,5,Spring,Weekend / holiday,Mist / cloudy,18,16,2,4,0.32,0.87
2011-04,5,Spring,Working day,Clear,141,136,5,10,0.392,0.736
2011-04,5,Spring,Working day,Light rain / snow,22,20,2,3,0.36,0.9367
2011-04,5,Spring,Working day,Mist / cloudy,104,97,7,7,0.4829,0.7971
2011-04,6,Spring,Weekend / holiday,Clear,121,88,33,5,0.332,0.68
2011-04,6,Spring,Weekend / holiday,Light rain / snow,10,9,1,1,0.4,0.82
2011-04,6,Spring,Weekend / holiday,Mist / cloudy,41,31,10,4,0.375,0.965
2011-04,6,Spring,Working day,Clear,638,606,32,10,0.41,0.741
2011-04,6,Spring,Working day,Light rain / snow,62,59,3,2,0.31,0.935
2011-04,6,Spring,Working day,Mist / cloudy,484,457,27,8,0.48,0.8075
2011-04,7,Spring,Weekend / holiday,Clear,246,200,46,4,0.37,0.58
2011-04,7,Spring,Weekend / holiday,Light rain / snow,19,17,2,1,0.34,1.0
2011-04,7,Spring,Weekend / holiday,Mist / cloudy,97,65,32,5,0.364,0.89
2011-04,7,Spring,Working day,Clear,1241,1155,86,6,0.44,0.6883
2011-04,7,Spring,Working day,Light rain / snow,278,267,11,3,0.3133,0.9333
2011-04,7,Spring,Working day,Mist / cloudy,2039,1904,135,11,0.4836,0.7227
2011-04,8,Spring,Weekend / holiday,Clear,631,516,115,6,0.3967,0.6383
2011-04,8,Spring,Weekend / holiday,Light rain / snow,45,38,7,1,0.4,0.87
2011-04,8,Spring,Weekend / holiday,Mist / cloudy,156,117,39,3,0.3533,0.9567
2011-04,8,Spring,Working day,Clear,2892,2695,197,8,0.4825,0.6713
2011-04,8,Spring,Working day,Light rain / snow,768,725,43,4,0.395,0.89
2011-04,8,Spring,Working day,Mist / cloudy,2763,2580,183,8,0.465,0.7087
2011-04,9,Spring,Weekend / holiday,Clear,755,532,223,5,0.452,0.574
2011-04,9,Spring,Weekend / holiday,Light rain / snow,29,27,2,1,0.4,1.0
2011-04,9,Spring,Weekend / holiday,Mist / cloudy,334,241,93,4,0.36,0.8525
2011-04,9,Spring,Working day,Clear,1308,1137,171,7,0.5114,0.6043
2011-04,9,Spring,Working day,Light rain / snow,640,576,64,5,0.46,0.786
2011-04,9,Spring,Working day,Mist / cloudy,1289,1123,166,8,0.465,0.7
2011-04,10,Spring,Weekend / holiday,Clear,1116,671,445,5,0.48,0.528
2011-04,10,Spring,Weekend / holiday,Light rain / snow,22,21,1,1,0.42,0.94
2011-04,10,Spring,Weekend / holiday,Mist / cloudy,566,377,189,4,0.38,0.7975
2011-04,10,Spring,Working day,Clear,863,599,264,8,0.515,0.5613
2011-04,10,Spring,Working day,Light rain / snow,68,59,9,2,0.42,0.815
2011-04,10,Spring,Working day,Mist / cloudy,866,624,242,10,0.49,0.713
2011-04,11,Spring,Weekend / holiday,Clear,1321,778,543,5,0.512,0.488
2011-04,11,Spring,Weekend / holiday,Light rain / snow,31,27,4,1,0.42,0.94
2011-04,11,Spring,Weekend / holiday,Mist / cloudy,774,490,284,4,0.405,0.7575
2011-04,11,Spring,Working day,Clear,1197,853,344,10,0.536,0.547
2011-04,11,Spring,Working day,Light rain / snow,125,101,24,2,0.33,0.735
2011-04,11,Spring,Working day,Mist / cloudy,820,598,222,8,0.5275,0.6913
2011-04,12,Spring,Weekend / holiday,Clear,1962,1144,818,6,0.5233,0.535
2011-04,12,Spring,Weekend / holiday,Light rain / snow,184,100,84,1,0.32,0.81
2011-04,12,Spring,Weekend / holiday,Mist / cloudy,464,285,179,3,0.4133,0.8567
2011-04,12,Spring,Working day,Clear,1645,1248,397,10,0.57,0.508
2011-04,12,Spring,Working day,Light rain / snow,255,195,60,3,0.38,0.7467
2011-04,12,Spring,Working day,Mist / cloudy,811,618,193,7,0.5257,0.6486
2011-04,13,Spring,Weekend / holiday,Clear,2498,1358,1140,8,0.505,0.5775
2011-04,13,Spring,Weekend / holiday,Light rain / snow,58,49,9,1,0.46,0.94
2011-04,13,Spring,Weekend / holiday,Mist / cloudy,222,108,114,1,0.36,0.81
2011-04,13,Spring,Working day,Clear,1711,1283,428,10,0.588,0.471
2011-04,13,Spring,Working day,Light rain / snow,188,156,32,3,0.4133,0.77
2011-04,13,Spring,Working day,Mist / cloudy,810,616,194,7,0.5257,0.6529
2011-04,14,Spring,Weekend / holiday,Clear,2417,1239,1178,7,0.5486,0.5143
2011-04,14,Spring,Weekend / holiday,Light rain / snow,253,142,111,2,0.42,0.795
2011-04,14,Spring,Weekend / holiday,Mist / cloudy,212,118,94,1,0.36,0.81
2011-04,14,Spring,Working day,Clear,1624,1211,413,10,0.62,0.49
2011-04,14,Spring,Working day,Light rain / snow,51,46,5,2,0.34,0.87
2011-04,14,Spring,Working day,Mist / cloudy,832,582,250,8,0.5275,0.57
2011-04,15,Spring,Weekend / holiday,Clear,2112,1172,940,6,0.5667,0.5533
2011-04,15,Spring,Weekend / holiday,Light rain / snow,214,126,88,2,0.43,0.795
2011-04,15,Spring,Weekend / holiday,Mist / cloudy,493,234,259,2,0.41,0.6
2011-04,15,Spring,Working day,Clear,1746,1272,474,12,0.6067,0.4492
2011-04,15,Spring,Working day,Light rain / snow,100,86,14,2,0.34,0.87
2011-04,15,Spring,Working day,Mist / cloudy,859,606,253,6,0.5633,0.5533
2011-04,16,Spring,Weekend / holiday,Clear,2031,1156,875,6,0.56,0.5083
2011-04,16,Spring,Weekend / holiday,Light rain / snow,33,27,6,1,0.5,0.88
2011-04,16,Spring,Weekend / holiday,Mist / cloudy,782,427,355,3,0.4533,0.6167
2011-04,16,Spring,Working day,Clear,3156,2526,630,15,0.588,0.4687
2011-04,16,Spring,Working day,Light rain / snow,62,58,4,1,0.34,0.87
2011-04,16,Spring,Working day,Mist / cloudy,713,579,134,4,0.525,0.6175
2011-04,17,Spring,Weekend / holiday,Clear,1611,907,704,5,0.552,0.53
2011-04,17,Spring,Weekend / holiday,Light rain / snow,15,14,1,1,0.5,0.88
2011-04,17,Spring,Weekend / holiday,Mist / cloudy,1098,674,424,4,0.465,0.6125
2011-04,17,Spring,Working day,Clear,5585,4769,816,14,0.5714,0.4529
2011-04,17,Spring,Working day,Light rain / snow,1029,921,108,4,0.435,0.865
2011-04,17,Spring,Working day,Mist / cloudy,940,831,109,2,0.63,0.41
2011-04,18,Spring,Weekend / holiday,Clear,1713,1060,653,6,0.5333,0.585
2011-04,18,Spring,Weekend / holiday,Mist / cloudy,650,478,172,4,0.45,0.685
2011-04,18,Spring,Working day,Clear,5458,4718,740,14,0.56,0.44
2011-04,18,Spring,Working day,Light rain / snow,749,670,79,4,0.435,0.865
2011-04,18,Spring,Working day,Mist / cloudy,807,685,122,2,0.63,0.435
2011-04,19,Spring,Weekend / holiday,Clear,1368,900,468,6,0.49,0.605
2011-04,19,Spring,Weekend / holiday,Light rain / snow,194,132,62,1,0.6,0.83
2011-04,19,Spring,Weekend / holiday,Mist / cloudy,345,238,107,3,0.44,0.7333
2011-04,19,Spring,Working day,Clear,4387,3704,683,16,0.5488,0.4769
2011-04,19,Spring,Working day,Light rain / snow,108,100,8,2,0.31,0.93
2011-04,19,Spring,Working day,Mist / cloudy,406,375,31,2,0.46,0.77
2011-04,20,Spring,Weekend / holiday,Clear,542,383,159,4,0.44,0.5825
2011-04,20,Spring,Weekend / holiday,Light rain / snow,237,175,62,3,0.4867,0.7267
2011-04,20,Spring,Weekend / holiday,Mist / cloudy,394,304,90,3,0.44,0.8367
2011-04,20,Spring,Working day,Clear,2719,2310,409,15,0.5267,0.5233
2011-04,20,Spring,Working day,Light rain / snow,47,39,8,1,0.32,0.87
2011-04,20,Spring,Working day,Mist / cloudy,507,426,81,4,0.48,0.6775
2011-04,21,Spring,Weekend / holiday,Clear,432,319,113,4,0.425,0.6325
2011-04,21,Spring,Weekend / holiday,Light rain / snow,61,53,8,1,0.54,0.94
2011-04,21,Spring,Weekend / holiday,Mist / cloudy,371,295,76,5,0.436,0.78
2011-04,21,Spring,Working day,Clear,2130,1767,363,14,0.5129,0.5593
2011-04,21,Spring,Working day,Light rain / snow,28,23,5,1,0.3,0.93
2011-04,21,Spring,Working day,Mist / cloudy,463,396,67,5,0.472,0.688
2011-04,22,Spring,Weekend / holiday,Clear,361,270,91,5,0.42,0.608
2011-04,22,Spring,Weekend / holiday,Light rain / snow,69,62,7,2,0.48,1.0
2011-04,22,Spring,Weekend / holiday,Mist / cloudy,336,244,92,3,0.44,0.8433
2011-04,22,Spring,Working day,Clear,1268,1062,206,12,0.465,0.5458
2011-04,22,Spring,Working day,Light rain / snow,24,21,3,1,0.3,1.0
2011-04,22,Spring,Working day,Mist / cloudy,629,503,126,7,0.52,0.7429
2011-04,23,Spring,Weekend / holiday,Clear,297,210,87,5,0.412,0.666
2011-04,23,Spring,Weekend / holiday,Light rain / snow,42,37,5,1,0.54,1.0
2011-04,23,Spring,Weekend / holiday,Mist / cloudy,273,217,56,4,0.43,0.8325
2011-04,23,Spring,Working day,Clear,744,610,134,12,0.4483,0.5867
2011-04,23,Spring,Working day,Light rain / snow,71,55,16,2,0.45,0.765
2011-04,23,Spring,Working day,Mist / cloudy,391,304,87,6,0.5,0.765
2011-05,0,Spring,Weekend / holiday,Clear,691,526,165,7,0.5371,0.8271
2011-05,0,Spring,Weekend / holiday,Mist / cloudy,241,190,51,3,0.5067,0.8233
2011-05,0,Spring,Working day,Clear,589,395,194,11,0.52,0.7545
2011-05,0,Spring,Working day,Light rain / snow,62,54,8,2,0.56,0.8
2011-05,0,Spring,Working day,Mist / cloudy,280,205,75,8,0.54,0.8337
2011-05,1,Spring,Weekend / holiday,Clear,487,394,93,7,0.5314,0.8386
2011-05,1,Spring,Weekend / holiday,Mist / cloudy,193,163,30,3,0.5133,0.81
2011-05,1,Spring,Working day,Clear,378,246,132,14,0.51,0.7993
2011-05,1,Spring,Working day,Light rain / snow,28,14,14,3,0.5467,0.8433
2011-05,1,Spring,Working day,Mist / cloudy,61,48,13,4,0.55,0.7975
2011-05,2,Spring,Weekend / holiday,Clear,423,329,94,8,0.5225,0.83
2011-05,2,Spring,Weekend / holiday,Mist / cloudy,102,74,28,2,0.51,0.94
2011-05,2,Spring,Working day,Clear,127,87,40,11,0.4818,0.7918
2011-05,2,Spring,Working day,Light rain / snow,23,16,7,4,0.535,0.88
2011-05,2,Spring,Working day,Mist / cloudy,81,55,26,6,0.5533,0.875
2011-05,3,Spring,Weekend / holiday,Clear,183,125,58,8,0.51,0.8537
2011-05,3,Spring,Weekend / holiday,Mist / cloudy,67,51,16,2,0.51,0.94
2011-05,3,Spring,Working day,Clear,88,71,17,14,0.4814,0.8079
2011-05,3,Spring,Working day,Light rain / snow,18,11,7,4,0.505,0.925
2011-05,3,Spring,Working day,Mist / cloudy,10,7,3,3,0.5733,0.92
2011-05,4,Spring,Weekend / holiday,Clear,84,56,28,8,0.495,0.8725
2011-05,4,Spring,Weekend / holiday,Mist / cloudy,18,12,6,2,0.51,0.91
2011-05,4,Spring,Working day,Clear,76,52,24,15,0.492,0.8373
2011-05,4,Spring,Working day,Light rain / snow,15,9,6,4,0.485,0.925
2011-05,4,Spring,Working day,Mist / cloudy,6,4,2,2,0.51,0.91
2011-05,5,Spring,Weekend / holiday,Clear,41,28,13,6,0.4967,0.8517
2011-05,5,Spring,Weekend / holiday,Light rain / snow,14,11,3,1,0.52,1.0
2011-05,5,Spring,Weekend / holiday,Mist / cloudy,26,18,8,3,0.52,0.8433
2011-05,5,Spring,Working day,Clear,327,316,11,14,0.4786,0.8407
2011-05,5,Spring,Working day,Light rain / snow,31,30,1,2,0.44,0.905
2011-05,5,Spring,Working day,Mist / cloudy,107,98,9,5,0.532,0.882
2011-05,6,Spring,Weekend / holiday,Clear,78,63,15,4,0.505,0.84
2011-05,6,Spring,Weekend / holiday,Mist / cloudy,78,56,22,6,0.52,0.89
2011-05,6,Spring,Working day,Clear,1274,1183,91,13,0.4831,0.8169
2011-05,6,Spring,Working day,Light rain / snow,152,146,6,3,0.4533,0.9167
2011-05,6,Spring,Working day,Mist / cloudy,518,476,42,5,0.548,0.964
2011-05,7,Spring,Weekend / holiday,Clear,173,125,48,4,0.54,0.7575
2011-05,7,Spring,Weekend / holiday,Light rain / snow,32,28,4,1,0.48,1.0
2011-05,7,Spring,Weekend / holiday,Mist / cloudy,159,115,44,5,0.532,0.882
2011-05,7,Spring,Working day,Clear,3007,2780,227,11,0.5236,0.7482
2011-05,7,Spring,Working day,Light rain / snow,523,475,48,3,0.4933,0.8633
2011-05,7,Spring,Working day,Mist / cloudy,1718,1612,106,7,0.52,0.8771
2011-05,8,Spring,Weekend / holiday,Clear,523,391,132,5,0.564,0.668
2011-05,8,Spring,Weekend / holiday,Light rain / snow,88,72,16,1,0.5,0.94
2011-05,8,Spring,Weekend / holiday,Mist / cloudy,319,209,110,4,0.565,0.87
2011-05,8,Spring,Working day,Clear,5255,4885,370,12,0.555,0.7167
2011-05,8,Spring,Working day,Light rain / snow,513,477,36,2,0.48,0.88
2011-05,8,Spring,Working day,Mist / cloudy,2965,2779,186,7,0.5343,0.8057
2011-05,9,Spring,Weekend / holiday,Clear,1231,866,365,7,0.6086,0.6629
2011-05,9,Spring,Weekend / holiday,Mist / cloudy,393,260,133,3,0.5333,0.8667
2011-05,9,Spring,Working day,Clear,2200,1879,321,11,0.6018,0.6536
2011-05,9,Spring,Working day,Light rain / snow,242,211,31,2,0.45,0.88
2011-05,9,Spring,Working day,Mist / cloudy,1569,1347,222,8,0.5425,0.7712
2011-05,10,Spring,Weekend / holiday,Clear,1941,1204,737,7,0.64,0.61
2011-05,10,Spring,Weekend / holiday,Mist / cloudy,682,409,273,3,0.5533,0.8
2011-05,10,Spring,Working day,Clear,1430,1040,390,11,0.6436,0.6073
2011-05,10,Spring,Working day,Light rain / snow,210,146,64,2,0.54,0.88
2011-05,10,Spring,Working day,Mist / cloudy,927,704,223,8,0.5275,0.6987
2011-05,11,Spring,Weekend / holiday,Clear,2720,1556,1164,8,0.6325,0.595
2011-05,11,Spring,Weekend / holiday,Mist / cloudy,598,387,211,2,0.59,0.885
2011-05,11,Spring,Working day,Clear,1741,1312,429,12,0.6367,0.585
2011-05,11,Spring,Working day,Light rain / snow,164,111,53,1,0.54,0.88
2011-05,11,Spring,Working day,Mist / cloudy,1091,821,270,8,0.5875,0.665
2011-05,12,Spring,Weekend / holiday,Clear,2339,1405,934,6,0.6767,0.5233
2011-05,12,Spring,Weekend / holiday,Light rain / snow,279,204,75,1,0.52,1.0
2011-05,12,Spring,Weekend / holiday,Mist / cloudy,1084,613,471,3,0.6333,0.6733
2011-05,12,Spring,Working day,Clear,2460,1914,546,13,0.6554,0.5646
2011-05,12,Spring,Working day,Light rain / snow,153,115,38,1,0.56,0.83
2011-05,12,Spring,Working day,Mist / cloudy,1447,1120,327,7,0.5971,0.6257
2011-05,13,Spring,Weekend / holiday,Clear,2897,1611,1286,7,0.6886,0.54
2011-05,13,Spring,Weekend / holiday,Light rain / snow,248,180,68,1,0.52,1.0
2011-05,13,Spring,Weekend / holiday,Mist / cloudy,787,484,303,2,0.58,0.585
2011-05,13,Spring,Working day,Clear,1971,1500,471,10,0.702,0.459
2011-05,13,Spring,Working day,Light rain / snow,415,311,104,2,0.59,0.6
2011-05,13,Spring,Working day,Mist / cloudy,1651,1258,393,9,0.6,0.6644
2011-05,14,Spring,Weekend / holiday,Clear,2319,1326,993,6,0.72,0.5517
2011-05,14,Spring,Weekend / holiday,Light rain / snow,694,426,268,2,0.61,0.52
2011-05,14,Spring,Weekend / holiday,Mist / cloudy,454,312,142,2,0.52,0.81
2011-05,14,Spring,Working day,Clear,2457,1798,659,14,0.6743,0.5029
2011-05,14,Spring,Working day,Light rain / snow,180,137,43,1,0.54,0.73
2011-05,14,Spring,Working day,Mist / cloudy,1040,748,292,6,0.6267,0.6317
2011-05,15,Spring,Weekend / holiday,Clear,2762,1508,1254,7,0.7057,0.5214
2011-05,15,Spring,Weekend / holiday,Mist / cloudy,891,595,296,3,0.5667,0.7567
2011-05,15,Spring,Working day,Clear,2512,1822,690,13,0.6538,0.5169
2011-05,15,Spring,Working day,Light rain / snow,188,129,59,1,0.74,0.55
2011-05,15,Spring,Working day,Mist / cloudy,1308,962,346,7,0.6629,0.5657
2011-05,16,Spring,Weekend / holiday,Clear,2512,1545,967,7,0.7,0.5371
2011-05,16,Spring,Weekend / holiday,Mist / cloudy,980,594,386,3,0.5867,0.6833
2011-05,16,Spring,Working day,Clear,3979,3252,727,14,0.6514,0.4921
2011-05,16,Spring,Working day,Light rain / snow,226,181,45,1,0.6,0.78
2011-05,16,Spring,Working day,Mist / cloudy,1907,1575,332,6,0.6733,0.6067
2011-05,17,Spring,Weekend / holiday,Clear,1688,961,727,5,0.724,0.528
2011-05,17,Spring,Weekend / holiday,Light rain / snow,743,500,243,2,0.57,0.635
2011-05,17,Spring,Weekend / holiday,Mist / cloudy,912,583,329,3,0.5867,0.7067
2011-05,17,Spring,Working day,Clear,9191,8082,1109,18,0.6444,0.5533
2011-05,17,Spring,Working day,Light rain / snow,920,802,118,2,0.62,0.79
2011-05,17,Spring,Working day,Mist / cloudy,594,540,54,1,0.64,0.57
2011-05,18,Spring,Weekend / holiday,Clear,2114,1356,758,7,0.6686,0.5743
2011-05,18,Spring,Weekend / holiday,Mist / cloudy,907,595,312,3,0.5733,0.7167
2011-05,18,Spring,Working day,Clear,7719,6740,979,16,0.6462,0.5506
2011-05,18,Spring,Working day,Light rain / snow,1321,1142,179,3,0.5467,0.7433
2011-05,18,Spring,Working day,Mist / cloudy,917,760,157,2,0.68,0.635
2011-05,19,Spring,Weekend / holiday,Clear,1877,1186,691,7,0.6343,0.6243
2011-05,19,Spring,Weekend / holiday,Light rain / snow,248,179,69,1,0.54,0.94
2011-05,19,Spring,Weekend / holiday,Mist / cloudy,403,288,115,2,0.49,0.66
2011-05,19,Spring,Working day,Clear,5391,4608,783,15,0.6227,0.5827
2011-05,19,Spring,Working day,Light rain / snow,902,751,151,3,0.5667,0.7267
2011-05,19,Spring,Working day,Mist / cloudy,948,818,130,3,0.58,0.72
2011-05,20,Spring,Weekend / holiday,Clear,1715,1169,546,8,0.63,0.67
2011-05,20,Spring,Weekend / holiday,Light rain / snow,157,115,42,1,0.54,0.94
2011-05,20,Spring,Weekend / holiday,Mist / cloudy,121,86,35,1,0.46,0.82
2011-05,20,Spring,Working day,Clear,4494,3854,640,17,0.5929,0.6394
2011-05,20,Spring,Working day,Light rain / snow,213,189,24,1,0.56,0.88
2011-05,20,Spring,Working day,Mist / cloudy,514,424,90,3,0.5867,0.75
2011-05,21,Spring,Weekend / holiday,Clear,1402,928,474,8,0.615,0.7188
2011-05,21,Spring,Weekend / holiday,Light rain / snow,59,44,15,1,0.54,0.94
2011-05,21,Spring,Weekend / holiday,Mist / cloudy,105,82,23,1,0.46,0.82
2011-05,21,Spring,Working day,Clear,3335,2791,544,18,0.5722,0.7033
2011-05,21,Spring,Working day,Mist / cloudy,611,491,120,3,0.5867,0.7267
2011-05,22,Spring,Weekend / holiday,Clear,1115,768,347,8,0.605,0.7662
2011-05,22,Spring,Weekend / holiday,Light rain / snow,26,19,7,1,0.54,0.94
2011-05,22,Spring,Weekend / holiday,Mist / cloudy,100,68,32,1,0.46,0.82
2011-05,22,Spring,Working day,Clear,2170,1785,385,15,0.556,0.714
2011-05,22,Spring,Working day,Light rain / snow,220,183,37,2,0.56,0.85
2011-05,22,Spring,Working day,Mist / cloudy,468,389,79,4,0.56,0.76
2011-05,23,Spring,Weekend / holiday,Clear,837,568,269,8,0.5675,0.8075
2011-05,23,Spring,Weekend / holiday,Light rain / snow,44,33,11,1,0.52,1.0
2011-05,23,Spring,Weekend / holiday,Mist / cloudy,65,46,19,1,0.58,0.83
2011-05,23,Spring,Working day,Clear,1101,903,198,13,0.5338,0.7646
2011-05,23,Spring,Working day,Light rain / snow,185,141,44,2,0.58,0.81
2011-05,23,Spring,Working day,Mist / cloudy,438,359,79,6,0.5567,0.7717
2011-06,0,Spring,Weekend / holiday,Clear,635,502,133,6,0.6467,0.6983
2011-06,0,Spring,Working day,Clear,442,331,111,12,0.6333,0.6725
2011-06,0,Spring,Working day,Light rain / snow,69,61,8,1,0.7,0.65
2011-06,0,Spring,Working day,Mist / cloudy,47,40,7,1,0.74,0.79
2011-06,0,Summer,Weekend / holiday,Clear,231,182,49,2,0.66,0.5
2011-06,0,Summer,Working day,Clear,232,177,55,5,0.668,0.728
2011-06,0,Summer,Working day,Light rain / snow,32,25,7,1,0.64,0.73
2011-06,0,Summer,Working day,Mist / cloudy,66,50,16,2,0.67,0.785
2011-06,1,Spring,Weekend / holiday,Clear,359,301,58,4,0.625,0.7725
2011-06,1,Spring,Weekend / holiday,Mist / cloudy,172,129,43,2,0.67,0.63
2011-06,1,Spring,Working day,Clear,206,145,61,13,0.6308,0.6908
2011-06,1,Spring,Working day,Light rain / snow,23,18,5,1,0.7,0.65
2011-06,1,Summer,Weekend / holiday,Clear,185,148,37,2,0.65,0.515
2011-06,1,Summer,Working day,Clear,153,110,43,6,0.67,0.735
2011-06,1,Summer,Working day,Light rain / snow,14,12,2,1,0.62,0.78
2011-06,1,Summer,Working day,Mist / cloudy,15,11,4,1,0.62,0.78
2011-06,2,Spring,Weekend / holiday,Clear,310,244,66,5,0.632,0.772
2011-06,2,Spring,Weekend / holiday,Mist / cloudy,64,48,16,1,0.64,0.61
2011-06,2,Spring,Working day,Clear,103,81,22,13,0.6154,0.6954
2011-06,2,Spring,Working day,Mist / cloudy,6,6,0,1,0.72,0.84
2011-06,2,Summer,Weekend / holiday,Clear,87,70,17,1,0.62,0.57
2011-06,2,Summer,Weekend / holiday,Mist / cloudy,59,51,8,1,0.66,0.5
2011-06,2,Summer,Working day,Clear,49,34,15,5,0.664,0.75
2011-06,2,Summer,Working day,Light rain / snow,12,8,4,2,0.62,0.805
2011-06,2,Summer,Working day,Mist / cloudy,11,9,2,1,0.66,0.74
2011-06,3,Spring,Weekend / holiday,Clear,94,64,30,4,0.61,0.7975
2011-06,3,Spring,Weekend / holiday,Mist / cloudy,77,41,36,2,0.64,0.715
2011-06,3,Spring,Working day,Clear,47,36,11,11,0.6018,0.7055
2011-06,3,Spring,Working day,Light rain / snow,1,0,1,1,0.64,0.89
2011-06,3,Spring,Working day,Mist / cloudy,6,6,0,2,0.64,0.785
2011-06,3,Summer,Weekend / holiday,Clear,73,43,30,2,0.62,0.605
2011-06,3,Summer,Working day,Clear,21,18,3,3,0.64,0.7367
2011-06,3,Summer,Working day,Light rain / snow,4,4,0,2,0.62,0.805
2011-06,3,Summer,Working day,Mist / cloudy,12,9,3,3,0.68,0.77
2011-06,4,Spring,Weekend / holiday,Clear,47,30,17,4,0.605,0.785
2011-06,4,Spring,Weekend / holiday,Mist / cloudy,29,18,11,2,0.64,0.695
2011-06,4,Spring,Working day,Clear,49,40,9,10,0.574,0.708
2011-06,4,Spring,Working day,Light rain / snow,3,2,1,1,0.62,0.88
2011-06,4,Spring,Working day,Mist / cloudy,16,14,2,3,0.6533,0.7867
2011-06,4,Summer,Weekend / holiday,Clear,22,12,10,2,0.62,0.605
2011-06,4,Summer,Working day,Clear,39,32,7,5,0.64,0.774
2011-06,4,Summer,Working day,Mist / cloudy,25,22,3,3,0.6333,0.8333
2011-06,5,Spring,Weekend / holiday,Clear,41,28,13,4,0.605,0.7725
2011-06,5,Spring,Weekend / holiday,Mist / cloudy,25,17,8,2,0.64,0.695
2011-06,5,Spring,Working day,Clear,285,255,30,11,0.5727,0.7091
2011-06,5,Spring,Working day,Light rain / snow,3,3,0,1,0.62,0.83
2011-06,5,Spring,Working day,Mist / cloudy,41,38,3,2,0.68,0.865
2011-06,5,Summer,Weekend / holiday,Clear,26,17,9,2,0.61,0.625
2011-06,5,Summer,Working day,Clear,135,124,11,6,0.6467,0.795
2011-06,5,Summer,Working day,Mist / cloudy,47,43,4,2,0.61,0.855
2011-06,6,Spring,Weekend / holiday,Clear,109,75,34,4,0.62,0.73
2011-06,6,Spring,Weekend / holiday,Mist / cloudy,54,33,21,2,0.64,0.695
2011-06,6,Spring,Working day,Clear,1113,1022,91,10,0.582,0.694
2011-06,6,Spring,Working day,Light rain / snow,138,129,9,2,0.59,0.755
2011-06,6,Spring,Working day,Mist / cloudy,246,226,20,2,0.7,0.865
2011-06,6,Summer,Weekend / holiday,Clear,49,30,19,2,0.62,0.605
2011-06,6,Summer,Working day,Clear,676,629,47,6,0.66,0.76
2011-06,6,Summer,Working day,Mist / cloudy,209,197,12,2,0.61,0.83
2011-06,7,Spring,Weekend / holiday,Clear,246,182,64,4,0.64,0.675
2011-06,7,Spring,Weekend / holiday,Mist / cloudy,98,55,43,2,0.63,0.755
2011-06,7,Spring,Working day,Clear,2813,2610,203,9,0.6111,0.6089
2011-06,7,Spring,Working day,Light rain / snow,234,218,16,2,0.56,0.83
2011-06,7,Spring,Working day,Mist / cloudy,932,859,73,3,0.6867,0.7567
2011-06,7,Summer,Weekend / holiday,Clear,93,62,31,2,0.63,0.59
2011-06,7,Summer,Working day,Clear,1314,1217,97,4,0.675,0.6925
2011-06,7,Summer,Working day,Mist / cloudy,1165,1083,82,4,0.655,0.81
2011-06,8,Spring,Weekend / holiday,Clear,491,374,117,4,0.675,0.64
2011-06,8,Spring,Weekend / holiday,Light rain / snow,84,59,25,1,0.68,0.74
2011-06,8,Spring,Weekend / holiday,Mist / cloudy,98,74,24,1,0.6,0.73
2011-06,8,Spring,Working day,Clear,3298,3028,270,7,0.6543,0.5314
2011-06,8,Spring,Working day,Light rain / snow,221,209,12,1,0.56,0.83
2011-06,8,Spring,Working day,Mist / cloudy,2707,2510,197,6,0.6533,0.675
2011-06,8,Summer,Weekend / holiday,Clear,219,163,56,2,0.67,0.545
2011-06,8,Summer,Working day,Clear,2887,2680,207,6,0.6933,0.66
2011-06,8,Summer,Working day,Mist / cloudy,833,780,53,2,0.68,0.79
2011-06,9,Spring,Weekend / holiday,Clear,854,603,251,4,0.695,0.58
2011-06,9,Spring,Weekend / holiday,Mist / cloudy,333,222,111,2,0.64,0.76
2011-06,9,Spring,Working day,Clear,2074,1789,285,10,0.69,0.485
2011-06,9,Spring,Working day,Mist / cloudy,904,795,109,4,0.67,0.6875
2011-06,9,Summer,Weekend / holiday,Clear,392,270,122,2,0.69,0.495
2011-06,9,Summer,Working day,Clear,1177,1032,145,5,0.724,0.596
2011-06,9,Summer,Working day,Mist / cloudy,689,587,102,3,0.6933,0.7067
2011-06,10,Spring,Weekend / holiday,Clear,1136,742,394,4,0.715,0.54
2011-06,10,Spring,Weekend / holiday,Mist / cloudy,495,326,169,2,0.66,0.67
2011-06,10,Spring,Working day,Clear,1243,913,330,10,0.712,0.449
2011-06,10,Spring,Working day,Mist / cloudy,450,331,119,4,0.695,0.655
2011-06,10,Summer,Weekend / holiday,Clear,634,399,235,2,0.72,0.465
2011-06,10,Summer,Working day,Clear,695,510,185,5,0.76,0.492
2011-06,10,Summer,Working day,Mist / cloudy,438,303,135,3,0.7067,0.6767
2011-06,11,Spring,Weekend / holiday,Clear,1465,970,495,4,0.73,0.5375
2011-06,11,Spring,Weekend / holiday,Mist / cloudy,712,450,262,2,0.68,0.635
2011-06,11,Spring,Working day,Clear,1520,1087,433,10,0.734,0.417
2011-06,11,Spring,Working day,Mist / cloudy,507,383,124,4,0.715,0.625
2011-06,11,Summer,Weekend / holiday,Clear,677,428,249,2,0.73,0.435
2011-06,11,Summer,Working day,Clear,1025,731,294,6,0.7533,0.515
2011-06,11,Summer,Working day,Light rain / snow,136,108,28,1,0.76,0.66
2011-06,11,Summer,Working day,Mist / cloudy,150,95,55,1,0.7,0.58
2011-06,12,Spring,Weekend / holiday,Clear,1607,1007,600,4,0.765,0.4975
2011-06,12,Spring,Weekend / holiday,Mist / cloudy,731,467,264,2,0.69,0.62
2011-06,12,Spring,Working day,Clear,2334,1904,430,12,0.7583,0.415
2011-06,12,Spring,Working day,Mist / cloudy,345,270,75,2,0.71,0.575
2011-06,12,Summer,Weekend / holiday,Clear,835,520,315,2,0.74,0.4
2011-06,12,Summer,Working day,Clear,1068,831,237,5,0.772,0.464
2011-06,12,Summer,Working day,Mist / cloudy,518,404,114,3,0.76,0.5967
2011-06,13,Spring,Weekend / holiday,Clear,1910,1174,736,5,0.748,0.524
2011-06,13,Spring,Weekend / holiday,Mist / cloudy,363,214,149,1,0.74,0.51
2011-06,13,Spring,Working day,Clear,2254,1799,455,12,0.7717,0.4008
2011-06,13,Spring,Working day,Mist / cloudy,347,255,92,2,0.76,0.485
2011-06,13,Summer,Weekend / holiday,Clear,813,476,337,2,0.74,0.4
2011-06,13,Summer,Working day,Clear,1080,840,240,5,0.788,0.42
2011-06,13,Summer,Working day,Mist / cloudy,497,389,108,3,0.7667,0.5867
2011-06,14,Spring,Weekend / holiday,Clear,1531,933,598,4,0.77,0.49
2011-06,14,Spring,Weekend / holiday,Light rain / snow,317,193,124,1,0.74,0.58
2011-06,14,Spring,Weekend / holiday,Mist / cloudy,334,196,138,1,0.8,0.46
2011-06,14,Spring,Working day,Clear,1921,1390,531,11,0.7927,0.3764
2011-06,14,Spring,Working day,Mist / cloudy,458,344,114,3,0.72,0.48
2011-06,14,Summer,Weekend / holiday,Clear,826,478,348,2,0.74,0.425
2011-06,14,Summer,Working day,Clear,892,642,250,5,0.796,0.422
2011-06,14,Summer,Working day,Mist / cloudy,452,316,136,3,0.7667,0.5867
2011-06,15,Spring,Weekend / holiday,Clear,1151,706,445,3,0.7733,0.54
2011-06,15,Spring,Weekend / holiday,Mist / cloudy,1133,654,479,3,0.7667,0.4267
2011-06,15,Spring,Working day,Clear,2136,1617,519,12,0.7867,0.3725
2011-06,15,Spring,Working day,Mist / cloudy,342,254,88,2,0.76,0.51
2011-06,15,Summer,Weekend / holiday,Clear,795,464,331,2,0.74,0.425
2011-06,15,Summer,Working day,Clear,981,724,257,5,0.812,0.378
2011-06,15,Summer,Working day,Mist / cloudy,537,367,170,3,0.7733,0.5433
2011-06,16,Spring,Weekend / holiday,Clear,398,260,138,1,0.72,0.51
2011-06,16,Spring,Weekend / holiday,Light rain / snow,350,235,115,1,0.68,0.83
2011-06,16,Spring,Weekend / holiday,Mist / cloudy,1680,1029,651,4,0.76,0.44
2011-06,16,Spring,Working day,Clear,3848,3192,656,13,0.7846,0.3869
2011-06,16,Spring,Working day,Light rain / snow,294,258,36,1,0.66,0.69
2011-06,16,Summer,Weekend / holiday,Clear,865,513,352,2,0.75,0.425
2011-06,16,Summer,Working day,Clear,1849,1490,359,6,0.8033,0.4167
2011-06,16,Summer,Working day,Mist / cloudy,533,441,92,2,0.78,0.605
2011-06,17,Spring,Weekend / holiday,Clear,787,502,285,2,0.74,0.51
2011-06,17,Spring,Weekend / holiday,Light rain / snow,252,158,94,1,0.68,0.83
2011-06,17,Spring,Weekend / holiday,Mist / cloudy,1130,631,499,3,0.74,0.4667
2011-06,17,Spring,Working day,Clear,5970,5197,773,11,0.7909,0.3755
2011-06,17,Spring,Working day,Light rain / snow,1121,951,170,2,0.7,0.45
2011-06,17,Spring,Working day,Mist / cloudy,272,230,42,1,0.64,0.78
2011-06,17,Summer,Weekend / holiday,Clear,399,247,152,1,0.74,0.42
2011-06,17,Summer,Weekend / holiday,Mist / cloudy,421,243,178,1,0.72,0.42
2011-06,17,Summer,Working day,Clear,2897,2481,416,5,0.776,0.422
2011-06,17,Summer,Working day,Light rain / snow,579,509,70,1,0.82,0.56
2011-06,17,Summer,Working day,Mist / cloudy,1098,957,141,2,0.76,0.625
2011-06,18,Spring,Weekend / holiday,Clear,619,426,193,2,0.7,0.66
2011-06,18,Spring,Weekend / holiday,Mist / cloudy,1304,850,454,4,0.735,0.5125
2011-06,18,Spring,Working day,Clear,6178,5380,798,12,0.745,0.435
2011-06,18,Spring,Working day,Light rain / snow,759,666,93,2,0.79,0.48
2011-06,18,Summer,Weekend / holiday,Clear,307,199,108,1,0.72,0.45
2011-06,18,Summer,Weekend / holiday,Mist / cloudy,382,265,117,1,0.72,0.45
2011-06,18,Summer,Working day,Clear,2757,2342,415,5,0.756,0.432
2011-06,18,Summer,Working day,Light rain / snow,504,436,68,1,0.8,0.55
2011-06,18,Summer,Working day,Mist / cloudy,1049,916,133,2,0.78,0.645
2011-06,19,Spring,Weekend / holiday,Clear,1155,789,366,4,0.7,0.665
2011-06,19,Spring,Weekend / holiday,Mist / cloudy,611,433,178,2,0.72,0.45
2011-06,19,Spring,Working day,Clear,4274,3608,666,11,0.7055,0.4936
2011-06,19,Spring,Working day,Light rain / snow,328,275,53,1,0.64,0.83
2011-06,19,Spring,Working day,Mist / cloudy,590,519,71,2,0.79,0.59
2011-06,19,Summer,Weekend / holiday,Clear,375,254,121,1,0.72,0.48
2011-06,19,Summer,Weekend / holiday,Mist / cloudy,317,228,89,1,0.72,0.48
2011-06,19,Summer,Working day,Clear,2037,1684,353,5,0.736,0.48
2011-06,19,Summer,Working day,Mist / cloudy,1066,893,173,3,0.76,0.6133
2011-06,20,Spring,Weekend / holiday,Clear,992,665,327,4,0.675,0.74
2011-06,20,Spring,Weekend / holiday,Mist / cloudy,427,276,151,2,0.71,0.53
2011-06,20,Spring,Working day,Clear,3549,2917,632,12,0.6783,0.5575
2011-06,20,Spring,Working day,Mist / cloudy,510,447,63,2,0.77,0.61
2011-06,20,Summer,Weekend / holiday,Clear,269,195,74,1,0.7,0.48
2011-06,20,Summer,Weekend / holiday,Mist / cloudy,213,158,55,1,0.7,0.48
2011-06,20,Summer,Working day,Clear,2196,1775,421,7,0.7257,0.5571
2011-06,20,Summer,Working day,Light rain / snow,326,254,72,1,0.74,0.7
2011-06,21,Spring,Weekend / holiday,Clear,692,466,226,4,0.66,0.7725
2011-06,21,Spring,Weekend / holiday,Mist / cloudy,368,264,104,2,0.69,0.565
2011-06,21,Spring,Working day,Clear,2644,2169,475,12,0.6783,0.57
2011-06,21,Spring,Working day,Light rain / snow,359,296,63,2,0.69,0.675
2011-06,21,Summer,Weekend / holiday,Clear,202,140,62,1,0.68,0.51
2011-06,21,Summer,Weekend / holiday,Mist / cloudy,183,135,48,1,0.7,0.54
2011-06,21,Summer,Working day,Clear,1924,1569,355,8,0.7175,0.6025
2011-06,22,Spring,Weekend / holiday,Clear,790,583,207,5,0.648,0.748
2011-06,22,Spring,Weekend / holiday,Mist / cloudy,161,105,56,1,0.72,0.62
2011-06,22,Spring,Working day,Clear,1814,1492,322,11,0.6618,0.5936
2011-06,22,Spring,Working day,Light rain / snow,151,127,24,1,0.62,0.83
2011-06,22,Spring,Working day,Mist / cloudy,283,237,46,2,0.69,0.655
2011-06,22,Summer,Weekend / holiday,Clear,301,221,80,2,0.69,0.49
2011-06,22,Summer,Working day,Clear,945,754,191,6,0.6967,0.5833
2011-06,22,Summer,Working day,Mist / cloudy,310,262,48,2,0.71,0.765
2011-06,23,Spring,Weekend / holiday,Clear,416,320,96,4,0.645,0.77
2011-06,23,Spring,Weekend / holiday,Mist / cloudy,300,218,82,2,0.68,0.595
2011-06,23,Spring,Working day,Clear,1308,1071,237,12,0.6483,0.6308
2011-06,23,Spring,Working day,Light rain / snow,16,14,2,1,0.6,0.83
2011-06,23,Spring,Working day,Mist / cloudy,97,82,15,1,0.74,0.57
2011-06,23,Summer,Weekend / holiday,Clear,78,64,14,1,0.7,0.54
2011-06,23,Summer,Weekend / holiday,Mist / cloudy,179,130,49,1,0.66,0.5
2011-06,23,Summer,Working day,Clear,758,601,157,7,0.6857,0.6214
2011-06,23,Summer,Working day,Mist / cloudy,105,91,14,1,0.72,0.79
2011-07,0,Summer,Weekend / holiday,Clear,1254,844,410,10,0.714,0.604
2011-07,0,Summer,Weekend / holiday,Mist / cloudy,121,90,31,1,0.66,0.83
2011-07,0,Summer,Working day,Clear,748,546,202,16,0.7075,0.7019
2011-07,0,Summer,Working day,Mist / cloudy,176,108,68,4,0.75,0.655
2011-07,1,Summer,Weekend / holiday,Clear,822,631,191,9,0.7044,0.6344
2011-07,1,Summer,Weekend / holiday,Mist / cloudy,131,103,28,2,0.67,0.75
2011-07,1,Summer,Working day,Clear,361,243,118,17,0.7071,0.6853
2011-07,1,Summer,Working day,Mist / cloudy,46,30,16,3,0.7467,0.75
2011-07,2,Summer,Weekend / holiday,Clear,717,523,194,11,0.6964,0.6636
2011-07,2,Summer,Working day,Clear,192,125,67,17,0.6941,0.7241
2011-07,2,Summer,Working day,Mist / cloudy,34,19,15,3,0.7267,0.79
2011-07,3,Summer,Weekend / holiday,Clear,332,209,123,10,0.688,0.698
2011-07,3,Summer,Weekend / holiday,Light rain / snow,33,25,8,1,0.68,0.65
2011-07,3,Summer,Working day,Clear,113,85,28,18,0.69,0.7211
2011-07,3,Summer,Working day,Mist / cloudy,14,11,3,2,0.72,0.79
2011-07,4,Summer,Weekend / holiday,Clear,86,52,34,9,0.68,0.6967
2011-07,4,Summer,Weekend / holiday,Light rain / snow,5,2,3,1,0.68,0.65
2011-07,4,Summer,Weekend / holiday,Mist / cloudy,12,4,8,1,0.66,0.78
2011-07,4,Summer,Working day,Clear,111,87,24,18,0.6822,0.725
2011-07,4,Summer,Working day,Mist / cloudy,10,10,0,2,0.7,0.835
2011-07,5,Summer,Weekend / holiday,Clear,89,59,30,8,0.68,0.7012
2011-07,5,Summer,Weekend / holiday,Light rain / snow,1,1,0,1,0.62,0.83
2011-07,5,Summer,Weekend / holiday,Mist / cloudy,19,14,5,2,0.63,0.855
2011-07,5,Summer,Working day,Clear,454,396,58,18,0.6733,0.7444
2011-07,5,Summer,Working day,Mist / cloudy,37,35,2,2,0.71,0.79
2011-07,6,Summer,Weekend / holiday,Clear,193,126,67,8,0.6725,0.7238
2011-07,6,Summer,Weekend / holiday,Mist / cloudy,63,43,20,3,0.6867,0.8
2011-07,6,Summer,Working day,Clear,1462,1329,133,13,0.6862,0.6946
2011-07,6,Summer,Working day,Mist / cloudy,802,746,56,7,0.6857,0.8243
2011-07,7,Summer,Weekend / holiday,Clear,486,342,144,10,0.702,0.677
2011-07,7,Summer,Weekend / holiday,Mist / cloudy,25,22,3,1,0.64,0.89
2011-07,7,Summer,Working day,Clear,3328,3039,289,11,0.6982,0.6173
2011-07,7,Summer,Working day,Mist / cloudy,2611,2400,211,9,0.7267,0.7878
2011-07,8,Summer,Weekend / holiday,Clear,1298,875,423,11,0.7291,0.6318
2011-07,8,Summer,Working day,Clear,5358,4915,443,12,0.7217,0.5825
2011-07,8,Summer,Working day,Mist / cloudy,3214,2971,243,8,0.7525,0.7388
2011-07,9,Summer,Weekend / holiday,Clear,1825,1227,598,10,0.762,0.561
2011-07,9,Summer,Weekend / holiday,Mist / cloudy,238,96,142,1,0.72,0.66
2011-07,9,Summer,Working day,Clear,3214,2726,488,16,0.7662,0.5413
2011-07,9,Summer,Working day,Light rain / snow,189,158,31,1,0.7,0.79
2011-07,9,Summer,Working day,Mist / cloudy,640,554,86,3,0.7867,0.6933
2011-07,10,Summer,Weekend / holiday,Clear,2632,1683,949,10,0.79,0.491
2011-07,10,Summer,Weekend / holiday,Mist / cloudy,280,114,166,1,0.76,0.55
2011-07,10,Summer,Working day,Clear,1803,1222,581,15,0.7973,0.498
2011-07,10,Summer,Working day,Light rain / snow,43,30,13,1,0.7,0.79
2011-07,10,Summer,Working day,Mist / cloudy,523,374,149,4,0.76,0.645
2011-07,11,Summer,Weekend / holiday,Clear,3162,1915,1247,10,0.806,0.456
2011-07,11,Summer,Weekend / holiday,Mist / cloudy,349,172,177,1,0.76,0.55
2011-07,11,Summer,Working day,Clear,2425,1713,712,16,0.8125,0.4663
2011-07,11,Summer,Working day,Mist / cloudy,505,369,136,4,0.79,0.675
2011-07,12,Summer,Weekend / holiday,Clear,3564,2169,1395,10,0.832,0.414
2011-07,12,Summer,Weekend / holiday,Mist / cloudy,447,210,237,1,0.78,0.52
2011-07,12,Summer,Working day,Clear,2935,2240,695,17,0.8329,0.4418
2011-07,12,Summer,Working day,Mist / cloudy,432,328,104,3,0.78,0.65
2011-07,13,Summer,Weekend / holiday,Clear,3676,2088,1588,10,0.838,0.408
2011-07,13,Summer,Weekend / holiday,Mist / cloudy,423,181,242,1,0.78,0.49
2011-07,13,Summer,Working day,Clear,2690,2045,645,16,0.8425,0.44
2011-07,13,Summer,Working day,Light rain / snow,158,119,39,1,0.82,0.46
2011-07,13,Summer,Working day,Mist / cloudy,447,346,101,3,0.7533,0.7
2011-07,14,Summer,Weekend / holiday,Clear,3910,2219,1691,11,0.84,0.3982
2011-07,14,Summer,Working day,Clear,2592,1841,751,16,0.8438,0.4406
2011-07,14,Summer,Working day,Light rain / snow,116,89,27,1,0.82,0.46
2011-07,14,Summer,Working day,Mist / cloudy,444,336,108,3,0.7867,0.6367
2011-07,15,Summer,Weekend / holiday,Clear,3678,2066,1612,11,0.8582,0.3682
2011-07,15,Summer,Working day,Clear,3061,2262,799,18,0.8433,0.4556
2011-07,15,Summer,Working day,Light rain / snow,46,33,13,1,0.64,0.94
2011-07,15,Summer,Working day,Mist / cloudy,141,102,39,1,0.8,0.63
2011-07,16,Summer,Weekend / holiday,Clear,3872,2268,1604,11,0.8564,0.3727
2011-07,16,Summer,Working day,Clear,4519,3656,863,17,0.8353,0.4571
2011-07,16,Summer,Working day,Light rain / snow,314,258,56,2,0.79,0.61
2011-07,16,Summer,Working day,Mist / cloudy,141,118,23,1,0.66,0.89
2011-07,17,Summer,Weekend / holiday,Clear,3461,2017,1444,10,0.854,0.36
2011-07,17,Summer,Weekend / holiday,Light rain / snow,358,177,181,1,0.8,0.49
2011-07,17,Summer,Working day,Clear,9499,8245,1254,19,0.8263,0.4763
2011-07,17,Summer,Working day,Light rain / snow,167,161,6,1,0.66,0.89
2011-07,18,Summer,Weekend / holiday,Clear,3402,2070,1332,10,0.836,0.397
2011-07,18,Summer,Weekend / holiday,Light rain / snow,181,107,74,1,0.8,0.49
2011-07,18,Summer,Working day,Clear,9595,8291,1304,20,0.808,0.5145
2011-07,19,Summer,Weekend / holiday,Clear,2469,1498,971,8,0.7825,0.4688
2011-07,19,Summer,Weekend / holiday,Mist / cloudy,775,425,350,3,0.7533,0.6367
2011-07,19,Summer,Working day,Clear,6812,5580,1232,19,0.7853,0.5589
2011-07,19,Summer,Working day,Mist / cloudy,250,210,40,1,0.86,0.41
2011-07,20,Summer,Weekend / holiday,Clear,2245,1443,802,9,0.7822,0.5256
2011-07,20,Summer,Weekend / holiday,Light rain / snow,176,93,83,1,0.66,0.83
2011-07,20,Summer,Weekend / holiday,Mist / cloudy,386,191,195,1,0.76,0.55
2011-07,20,Summer,Working day,Clear,5697,4556,1141,20,0.76,0.6105
2011-07,21,Summer,Weekend / holiday,Clear,1832,1214,618,9,0.7622,0.5756
2011-07,21,Summer,Weekend / holiday,Mist / cloudy,624,354,270,2,0.7,0.725
2011-07,21,Summer,Working day,Clear,4238,3329,909,19,0.7474,0.6242
2011-07,21,Summer,Working day,Mist / cloudy,204,158,46,1,0.66,0.83
2011-07,22,Summer,Weekend / holiday,Clear,1468,979,489,9,0.7444,0.6189
2011-07,22,Summer,Weekend / holiday,Mist / cloudy,488,304,184,2,0.7,0.7
2011-07,22,Summer,Working day,Clear,3037,2388,649,18,0.7356,0.6406
2011-07,22,Summer,Working day,Mist / cloudy,318,241,77,2,0.75,0.635
2011-07,23,Summer,Weekend / holiday,Clear,1125,719,406,9,0.72,0.64
2011-07,23,Summer,Weekend / holiday,Mist / cloudy,188,131,57,2,0.74,0.7
2011-07,23,Summer,Working day,Clear,1911,1437,474,18,0.7267,0.6617
2011-07,23,Summer,Working day,Light rain / snow,92,73,19,1,0.72,0.79
2011-07,23,Summer,Working day,Mist / cloudy,151,111,40,1,0.66,0.78
2011-08,0,Summer,Weekend / holiday,Clear,564,460,104,5,0.668,0.75
2011-08,0,Summer,Weekend / holiday,Light rain / snow,90,71,19,1,0.66,0.83
2011-08,0,Summer,Weekend / holiday,Mist / cloudy,80,66,14,1,0.7,0.84
2011-08,0,Summer,Working day,Clear,745,529,216,19,0.6579,0.6732
2011-08,0,Summer,Working day,Light rain / snow,87,71,16,2,0.64,0.785
2011-08,0,Summer,Working day,Mist / cloudy,60,47,13,2,0.74,0.69
2011-08,1,Summer,Weekend / holiday,Clear,264,205,59,4,0.665,0.81
2011-08,1,Summer,Weekend / holiday,Light rain / snow,73,57,16,1,0.64,0.89
2011-08,1,Summer,Weekend / holiday,Mist / cloudy,150,127,23,2,0.69,0.705
2011-08,1,Summer,Working day,Clear,320,225,95,18,0.6489,0.675
2011-08,1,Summer,Working day,Light rain / snow,20,19,1,1,0.64,0.89
2011-08,1,Summer,Working day,Mist / cloudy,67,43,24,4,0.675,0.7475
2011-08,2,Summer,Weekend / holiday,Clear,337,266,71,5,0.668,0.752
2011-08,2,Summer,Weekend / holiday,Light rain / snow,62,49,13,1,0.64,0.89
2011-08,2,Summer,Weekend / holiday,Mist / cloudy,66,48,18,1,0.7,0.84
2011-08,2,Summer,Working day,Clear,176,123,53,18,0.6389,0.6861
2011-08,2,Summer,Working day,Light rain / snow,8,8,0,1,0.64,0.83
2011-08,2,Summer,Working day,Mist / cloudy,29,23,6,4,0.685,0.7275
2011-08,3,Summer,Weekend / holiday,Clear,129,86,43,3,0.6467,0.7533
2011-08,3,Summer,Weekend / holiday,Mist / cloudy,131,95,36,4,0.675,0.85
2011-08,3,Summer,Working day,Clear,106,85,21,20,0.63,0.7165
2011-08,3,Summer,Working day,Light rain / snow,8,8,0,2,0.68,0.795
2011-08,3,Summer,Working day,Mist / cloudy,4,4,0,1,0.76,0.55
2011-08,4,Summer,Weekend / holiday,Clear,12,10,2,2,0.69,0.835
2011-08,4,Summer,Weekend / holiday,Light rain / snow,3,2,1,1,0.64,0.94
2011-08,4,Summer,Weekend / holiday,Mist / cloudy,31,19,12,4,0.65,0.82
2011-08,4,Summer,Working day,Clear,138,123,15,21,0.6257,0.7243
2011-08,4,Summer,Working day,Mist / cloudy,14,14,0,2,0.72,0.705
2011-08,5,Summer,Weekend / holiday,Clear,45,39,6,5,0.648,0.846
2011-08,5,Summer,Weekend / holiday,Mist / cloudy,22,20,2,2,0.67,0.89
2011-08,5,Summer,Working day,Clear,478,451,27,19,0.6242,0.7232
2011-08,5,Summer,Working day,Mist / cloudy,87,76,11,4,0.665,0.8
2011-08,6,Summer,Weekend / holiday,Clear,76,61,15,4,0.66,0.85
2011-08,6,Summer,Weekend / holiday,Mist / cloudy,48,37,11,3,0.6467,0.87
2011-08,6,Summer,Working day,Clear,2095,2000,95,20,0.624,0.7225
2011-08,6,Summer,Working day,Light rain / snow,110,101,9,1,0.72,0.66
2011-08,6,Summer,Working day,Mist / cloudy,200,187,13,2,0.66,0.835
2011-08,7,Summer,Weekend / holiday,Clear,177,132,45,4,0.67,0.8325
2011-08,7,Summer,Weekend / holiday,Light rain / snow,1,1,0,1,0.62,0.83
2011-08,7,Summer,Weekend / holiday,Mist / cloudy,96,80,16,3,0.6733,0.8233
2011-08,7,Summer,Working day,Clear,5761,5466,295,19,0.6505,0.6611
2011-08,7,Summer,Working day,Mist / cloudy,1129,1070,59,4,0.69,0.755
2011-08,8,Summer,Weekend / holiday,Clear,435,328,107,4,0.69,0.775
2011-08,8,Summer,Weekend / holiday,Light rain / snow,8,6,2,1,0.62,0.83
2011-08,8,Summer,Weekend / holiday,Mist / cloudy,235,173,62,3,0.6867,0.7933
2011-08,8,Summer,Working day,Clear,7517,6976,541,18,0.6856,0.6028
2011-08,8,Summer,Working day,Mist / cloudy,2221,2067,154,5,0.684,0.68
2011-08,9,Summer,Weekend / holiday,Clear,873,593,280,5,0.716,0.716
2011-08,9,Summer,Weekend / holiday,Light rain / snow,103,76,27,1,0.66,0.89
2011-08,9,Summer,Weekend / holiday,Mist / cloudy,364,266,98,2,0.7,0.79
2011-08,9,Summer,Working day,Clear,3912,3270,642,19,0.7063,0.5695
2011-08,9,Summer,Working day,Mist / cloudy,757,645,112,4,0.725,0.5775
2011-08,10,Summer,Weekend / holiday,Clear,1171,778,393,5,0.732,0.684
2011-08,10,Summer,Weekend / holiday,Mist / cloudy,755,516,239,3,0.72,0.7433
2011-08,10,Summer,Working day,Clear,2604,1787,817,20,0.736,0.5005
2011-08,10,Summer,Working day,Light rain / snow,68,59,9,1,0.74,0.58
2011-08,10,Summer,Working day,Mist / cloudy,286,194,92,2,0.77,0.625
2011-08,11,Summer,Weekend / holiday,Clear,1704,1066,638,6,0.7533,0.6383
2011-08,11,Summer,Weekend / holiday,Light rain / snow,88,73,15,1,0.66,0.89
2011-08,11,Summer,Weekend / holiday,Mist / cloudy,314,192,122,1,0.74,0.7
2011-08,11,Summer,Working day,Clear,2472,1680,792,16,0.7613,0.4225
2011-08,11,Summer,Working day,Light rain / snow,151,112,39,1,0.7,0.79
2011-08,11,Summer,Working day,Mist / cloudy,950,691,259,6,0.74,0.61
2011-08,12,Summer,Weekend / holiday,Clear,1841,1171,670,5,0.8,0.53
2011-08,12,Summer,Weekend / holiday,Light rain / snow,76,65,11,1,0.66,0.83
2011-08,12,Summer,Weekend / holiday,Mist / cloudy,702,429,273,2,0.68,0.84
2011-08,12,Summer,Working day,Clear,3462,2549,913,17,0.7824,0.4253
2011-08,12,Summer,Working day,Light rain / snow,202,174,28,2,0.73,0.67
2011-08,12,Summer,Working day,Mist / cloudy,877,652,225,4,0.735,0.585
2011-08,13,Summer,Weekend / holiday,Clear,1820,1177,643,5,0.788,0.55
2011-08,13,Summer,Weekend / holiday,Light rain / snow,43,33,10,1,0.66,0.83
2011-08,13,Summer,Weekend / holiday,Mist / cloudy,594,357,237,2,0.77,0.665
2011-08,13,Summer,Working day,Clear,3659,2764,895,19,0.7832,0.4284
2011-08,13,Summer,Working day,Mist / cloudy,831,611,220,4,0.75,0.545
2011-08,14,Summer,Weekend / holiday,Clear,2153,1304,849,6,0.79,0.5517
2011-08,14,Summer,Weekend / holiday,Light rain / snow,258,176,82,2,0.67,0.84
2011-08,14,Summer,Working day,Clear,4066,2835,1231,20,0.793,0.4035
2011-08,14,Summer,Working day,Mist / cloudy,505,354,151,3,0.7533,0.6133
2011-08,15,Summer,Weekend / holiday,Clear,1258,783,475,4,0.755,0.59
2011-08,15,Summer,Weekend / holiday,Light rain / snow,714,444,270,3,0.68,0.8067
2011-08,15,Summer,Weekend / holiday,Mist / cloudy,362,232,130,1,0.84,0.53
2011-08,15,Summer,Working day,Clear,3889,2790,1099,19,0.7958,0.3884
2011-08,15,Summer,Working day,Light rain / snow,182,133,49,1,0.74,0.55
2011-08,15,Summer,Working day,Mist / cloudy,499,387,112,3,0.7467,0.6933
2011-08,16,Summer,Weekend / holiday,Clear,1414,854,560,4,0.765,0.5675
2011-08,16,Summer,Weekend / holiday,Light rain / snow,560,321,239,3,0.7,0.8067
2011-08,16,Summer,Weekend / holiday,Mist / cloudy,281,133,148,1,0.7,0.74
2011-08,16,Summer,Working day,Clear,6491,5183,1308,22,0.7927,0.4259
2011-08,16,Summer,Working day,Light rain / snow,150,129,21,1,0.68,0.79
2011-08,17,Summer,Weekend / holiday,Clear,1380,831,549,4,0.76,0.575
2011-08,17,Summer,Weekend / holiday,Light rain / snow,359,233,126,3,0.7067,0.8067
2011-08,17,Summer,Weekend / holiday,Mist / cloudy,269,172,97,1,0.72,0.74
2011-08,17,Summer,Working day,Clear,10219,8777,1442,19,0.7684,0.4695
2011-08,17,Summer,Working day,Light rain / snow,409,365,44,1,0.8,0.46
2011-08,17,Summer,Working day,Mist / cloudy,1572,1395,177,3,0.7667,0.51
2011-08,18,Summer,Weekend / holiday,Clear,1975,1243,732,6,0.73,0.655
2011-08,18,Summer,Weekend / holiday,Mist / cloudy,211,130,81,1,0.72,0.79
2011-08,18,Summer,Working day,Clear,9712,8297,1415,18,0.7478,0.4694
2011-08,18,Summer,Working day,Light rain / snow,766,669,97,2,0.73,0.695
2011-08,18,Summer,Working day,Mist / cloudy,1374,1238,136,3,0.7733,0.64
2011-08,19,Summer,Weekend / holiday,Clear,1447,974,473,5,0.724,0.666
2011-08,19,Summer,Weekend / holiday,Light rain / snow,171,114,57,1,0.72,0.84
2011-08,19,Summer,Weekend / holiday,Mist / cloudy,237,170,67,1,0.68,0.79
2011-08,19,Summer,Working day,Clear,7159,5939,1220,19,0.7326,0.5179
2011-08,19,Summer,Working day,Light rain / snow,486,402,84,2,0.66,0.785
2011-08,19,Summer,Working day,Mist / cloudy,726,610,116,2,0.76,0.57
2011-08,20,Summer,Weekend / holiday,Clear,1019,719,300,5,0.716,0.708
2011-08,20,Summer,Weekend / holiday,Light rain / snow,137,79,58,1,0.72,0.79
2011-08,20,Summer,Weekend / holiday,Mist / cloudy,183,105,78,1,0.68,0.83
2011-08,20,Summer,Working day,Clear,5244,4363,881,19,0.7042,0.5558
2011-08,20,Summer,Working day,Light rain / snow,145,126,19,2,0.66,0.835
2011-08,20,Summer,Working day,Mist / cloudy,574,493,81,2,0.76,0.6
2011-08,21,Summer,Weekend / holiday,Clear,685,463,222,4,0.7,0.735
2011-08,21,Summer,Weekend / holiday,Light rain / snow,155,104,51,1,0.6,0.88
2011-08,21,Summer,Weekend / holiday,Mist / cloudy,281,213,68,2,0.69,0.835
2011-08,21,Summer,Working day,Clear,4098,3306,792,20,0.694,0.588
2011-08,21,Summer,Working day,Mist / cloudy,448,404,44,3,0.6867,0.8067
2011-08,22,Summer,Weekend / holiday,Clear,201,155,46,2,0.67,0.79
2011-08,22,Summer,Weekend / holiday,Light rain / snow,39,25,14,1,0.6,0.88
2011-08,22,Summer,Weekend / holiday,Mist / cloudy,631,457,174,4,0.695,0.8
2011-08,22,Summer,Working day,Clear,3137,2515,622,20,0.679,0.6205
2011-08,22,Summer,Working day,Light rain / snow,77,66,11,1,0.68,0.89
2011-08,22,Summer,Working day,Mist / cloudy,326,286,40,2,0.74,0.665
2011-08,23,Summer,Weekend / holiday,Clear,344,237,107,4,0.68,0.75
2011-08,23,Summer,Weekend / holiday,Light rain / snow,135,101,34,2,0.65,0.835
2011-08,23,Summer,Weekend / holiday,Mist / cloudy,120,95,25,1,0.66,0.83
2011-08,23,Summer,Working day,Clear,1856,1449,407,19,0.6663,0.6342
2011-08,23,Summer,Working day,Mist / cloudy,408,337,71,4,0.695,0.75
2011-09,0,Fall,Weekend / holiday,Clear,93,86,7,1,0.58,1.0
2011-09,0,Fall,Weekend / holiday,Mist / cloudy,173,136,37,1,0.6,0.88
2011-09,0,Fall,Working day,Clear,173,143,30,4,0.585,0.8975
2011-09,0,Fall,Working day,Mist / cloudy,81,64,17,2,0.62,0.94
2011-09,0,Summer,Weekend / holiday,Clear,553,407,146,5,0.564,0.84
2011-09,0,Summer,Weekend / holiday,Mist / cloudy,184,131,53,2,0.67,0.735
2011-09,0,Summer,Working day,Clear,343,276,67,9,0.58,0.8122
2011-09,0,Summer,Working day,Light rain / snow,38,33,5,3,0.5933,0.96
2011-09,0,Summer,Working day,Mist / cloudy,75,56,19,3,0.54,0.7967
2011-09,1,Fall,Weekend / holiday,Mist / cloudy,203,154,49,2,0.59,0.91
2011-09,1,Fall,Working day,Clear,47,37,10,3,0.58,0.8633
2011-09,1,Fall,Working day,Mist / cloudy,71,63,8,3,0.6067,0.96
2011-09,1,Summer,Weekend / holiday,Clear,234,156,78,3,0.5267,0.7733
2011-09,1,Summer,Weekend / holiday,Mist / cloudy,299,225,74,4,0.64,0.825
2011-09,1,Summer,Working day,Clear,114,94,20,7,0.5657,0.7886
2011-09,1,Summer,Working day,Light rain / snow,41,35,6,3,0.5933,0.87
2011-09,1,Summer,Working day,Mist / cloudy,43,32,11,4,0.57,0.885
2011-09,2,Fall,Weekend / holiday,Light rain / snow,106,79,27,1,0.6,0.94
2011-09,2,Fall,Weekend / holiday,Mist / cloudy,68,54,14,1,0.58,0.94
2011-09,2,Fall,Working day,Clear,35,22,13,3,0.58,0.8833
2011-09,2,Fall,Working day,Mist / cloudy,30,20,10,3,0.6067,0.96
2011-09,2,Summer,Weekend / holiday,Clear,228,172,56,3,0.52,0.8233
2011-09,2,Summer,Weekend / holiday,Mist / cloudy,220,154,66,4,0.635,0.8075
2011-09,2,Summer,Working day,Clear,55,32,23,7,0.5571,0.8071
2011-09,2,Summer,Working day,Light rain / snow,22,13,9,2,0.58,0.835
2011-09,2,Summer,Working day,Mist / cloudy,42,30,12,5,0.564,0.896
2011-09,3,Fall,Weekend / holiday,Clear,31,27,4,1,0.58,0.94
2011-09,3,Fall,Weekend / holiday,Light rain / snow,59,39,20,1,0.6,0.94
2011-09,3,Fall,Working day,Clear,3,3,0,1,0.52,0.83
2011-09,3,Fall,Working day,Mist / cloudy,34,26,8,5,0.608,0.952
2011-09,3,Summer,Weekend / holiday,Clear,179,116,63,5,0.548,0.832
2011-09,3,Summer,Weekend / holiday,Mist / cloudy,61,42,19,2,0.65,0.76
2011-09,3,Summer,Working day,Clear,40,25,15,5,0.556,0.786
2011-09,3,Summer,Working day,Light rain / snow,5,3,2,3,0.5733,0.94
2011-09,3,Summer,Working day,Mist / cloudy,36,25,11,6,0.5667,0.875
2011-09,4,Fall,Weekend / holiday,Clear,8,7,1,1,0.56,0.94
2011-09,4,Fall,Weekend / holiday,Light rain / snow,8,5,3,1,0.6,0.94
2011-09,4,Fall,Working day,Clear,12,9,3,2,0.56,0.855
2011-09,4,Fall,Working day,Light rain / snow,21,10,11,2,0.61,0.97
2011-09,4,Fall,Working day,Mist / cloudy,13,9,4,2,0.61,0.91
2011-09,4,Summer,Weekend / holiday,Clear,33,22,11,6,0.5567,0.8033
2011-09,4,Summer,Weekend / holiday,Mist / cloudy,8,5,3,1,0.68,0.69
2011-09,4,Summer,Working day,Clear,49,39,10,8,0.55,0.835
2011-09,4,Summer,Working day,Light rain / snow,7,7,0,2,0.59,0.94
2011-09,4,Summer,Working day,Mist / cloudy,24,19,5,5,0.56,0.918
2011-09,5,Fall,Weekend / holiday,Clear,3,2,1,1,0.6,0.88
2011-09,5,Fall,Weekend / holiday,Mist / cloudy,5,3,2,1,0.56,0.94
2011-09,5,Fall,Working day,Clear,26,23,3,1,0.52,0.83
2011-09,5,Fall,Working day,Light rain / snow,24,24,0,1,0.62,0.94
2011-09,5,Fall,Working day,Mist / cloudy,91,87,4,4,0.61,0.91
2011-09,5,Summer,Weekend / holiday,Clear,76,52,24,6,0.5567,0.7967
2011-09,5,Summer,Weekend / holiday,Mist / cloudy,6,4,2,1,0.66,0.74
2011-09,5,Summer,Working day,Clear,161,154,7,6,0.54,0.81
2011-09,5,Summer,Working day,Light rain / snow,35,33,2,2,0.58,0.91
2011-09,5,Summer,Working day,Mist / cloudy,161,154,7,7,0.5657,0.9086
2011-09,6,Fall,Weekend / holiday,Mist / cloudy,35,25,10,2,0.58,0.91
2011-09,6,Fall,Working day,Clear,98,98,0,1,0.52,0.83
2011-09,6,Fall,Working day,Light rain / snow,114,111,3,1,0.6,0.94
2011-09,6,Fall,Working day,Mist / cloudy,452,428,24,4,0.615,0.925
2011-09,6,Summer,Weekend / holiday,Clear,64,54,10,5,0.572,0.832
2011-09,6,Summer,Weekend / holiday,Mist / cloudy,33,22,11,2,0.56,0.73
2011-09,6,Summer,Working day,Clear,763,732,31,7,0.54,0.8114
2011-09,6,Summer,Working day,Light rain / snow,131,129,2,2,0.61,0.91
2011-09,6,Summer,Working day,Mist / cloudy,585,562,23,6,0.5733,0.9317
2011-09,7,Fall,Weekend / holiday,Mist / cloudy,84,57,27,2,0.58,0.91
2011-09,7,Fall,Working day,Clear,580,552,28,2,0.56,0.855
2011-09,7,Fall,Working day,Light rain / snow,439,417,22,2,0.61,0.94
2011-09,7,Fall,Working day,Mist / cloudy,581,549,32,2,0.62,0.94
2011-09,7,Summer,Weekend / holiday,Clear,242,183,59,6,0.6,0.7883
2011-09,7,Summer,Weekend / holiday,Mist / cloudy,37,33,4,1,0.46,0.77
2011-09,7,Summer,Working day,Clear,1944,1869,75,6,0.56,0.8017
2011-09,7,Summer,Working day,Light rain / snow,373,359,14,3,0.6133,0.94
2011-09,7,Summer,Working day,Mist / cloudy,1812,1712,100,6,0.5567,0.885
2011-09,8,Fall,Weekend / holiday,Mist / cloudy,207,161,46,2,0.6,0.89
2011-09,8,Fall,Working day,Clear,887,827,60,2,0.57,0.8
2011-09,8,Fall,Working day,Light rain / snow,604,567,37,2,0.62,0.94
2011-09,8,Fall,Working day,Mist / cloudy,782,726,56,2,0.63,0.915
2011-09,8,Summer,Weekend / holiday,Clear,441,339,102,5,0.604,0.76
2011-09,8,Summer,Weekend / holiday,Mist / cloudy,209,137,72,2,0.56,0.775
2011-09,8,Summer,Working day,Clear,3016,2828,188,7,0.5886,0.7614
2011-09,8,Summer,Working day,Light rain / snow,1384,1328,56,5,0.588,0.918
2011-09,8,Summer,Working day,Mist / cloudy,1297,1224,73,3,0.5533,0.9233
2011-09,9,Fall,Weekend / holiday,Mist / cloudy,330,234,96,2,0.62,0.855
2011-09,9,Fall,Working day,Clear,462,412,50,2,0.59,0.755
2011-09,9,Fall,Working day,Light rain / snow,459,422,37,3,0.6267,0.9433
2011-09,9,Fall,Working day,Mist / cloudy,205,161,44,1,0.64,0.89
2011-09,9,Summer,Weekend / holiday,Clear,763,532,231,4,0.61,0.7425
2011-09,9,Summer,Weekend / holiday,Light rain / snow,152,89,63,1,0.68,0.74
2011-09,9,Summer,Weekend / holiday,Mist / cloudy,378,263,115,2,0.57,0.68
2011-09,9,Summer,Working day,Clear,1009,884,125,5,0.604,0.68
2011-09,9,Summer,Working day,Light rain / snow,395,371,24,3,0.5867,0.92
2011-09,9,Summer,Working day,Mist / cloudy,1309,1146,163,7,0.5914,0.8557
2011-09,10,Fall,Weekend / holiday,Mist / cloudy,568,393,175,2,0.62,0.855
2011-09,10,Fall,Working day,Clear,295,225,70,2,0.62,0.645
2011-09,10,Fall,Working day,Light rain / snow,157,129,28,2,0.63,0.97
2011-09,10,Fall,Working day,Mist / cloudy,283,226,57,2,0.63,0.915
2011-09,10,Summer,Weekend / holiday,Clear,1209,772,437,4,0.65,0.69
2011-09,10,Summer,Weekend / holiday,Light rain / snow,258,168,90,1,0.66,0.65
2011-09,10,Summer,Weekend / holiday,Mist / cloudy,493,314,179,2,0.6,0.69
2011-09,10,Summer,Working day,Clear,544,389,155,4,0.685,0.655
2011-09,10,Summer,Working day,Light rain / snow,202,179,23,3,0.5667,0.8633
2011-09,10,Summer,Working day,Mist / cloudy,853,678,175,8,0.6075,0.7887
2011-09,11,Fall,Weekend / holiday,Mist / cloudy,747,498,249,2,0.64,0.805
2011-09,11,Fall,Working day,Clear,534,406,128,3,0.6467,0.6567
2011-09,11,Fall,Working day,Light rain / snow,21,20,1,1,0.62,1.0
2011-09,11,Fall,Working day,Mist / cloudy,274,224,50,2,0.66,0.86
2011-09,11,Summer,Weekend / holiday,Clear,1416,874,542,4,0.67,0.6625
2011-09,11,Summer,Weekend / holiday,Light rain / snow,194,128,66,1,0.66,0.69
2011-09,11,Summer,Weekend / holiday,Mist / cloudy,675,455,220,2,0.61,0.71
2011-09,11,Summer,Working day,Clear,674,513,161,4,0.71,0.59
2011-09,11,Summer,Working day,Light rain / snow,155,135,20,3,0.5667,0.8833
2011-09,11,Summer,Working day,Mist / cloudy,1184,926,258,8,0.6175,0.7675
2011-09,12,Fall,Weekend / holiday,Mist / cloudy,820,536,284,2,0.64,0.805
2011-09,12,Fall,Working day,Clear,195,157,38,1,0.66,0.61
2011-09,12,Fall,Working day,Light rain / snow,29,28,1,1,0.62,0.94
2011-09,12,Fall,Working day,Mist / cloudy,809,644,165,4,0.665,0.76
2011-09,12,Summer,Weekend / holiday,Clear,1871,1168,703,5,0.684,0.636
2011-09,12,Summer,Weekend / holiday,Mist / cloudy,725,469,256,2,0.62,0.685
2011-09,12,Summer,Working day,Clear,658,518,140,4,0.705,0.6525
2011-09,12,Summer,Working day,Light rain / snow,89,72,17,2,0.55,0.885
2011-09,12,Summer,Working day,Mist / cloudy,1639,1275,364,9,0.6289,0.7144
2011-09,13,Fall,Weekend / holiday,Clear,460,290,170,1,0.64,0.78
2011-09,13,Fall,Weekend / holiday,Mist / cloudy,369,247,122,1,0.68,0.74
2011-09,13,Fall,Working day,Clear,373,313,60,2,0.67,0.675
2011-09,13,Fall,Working day,Light rain / snow,34,27,7,1,0.6,1.0
2011-09,13,Fall,Working day,Mist / cloudy,604,455,149,3,0.6867,0.65
2011-09,13,Summer,Weekend / holiday,Clear,1449,884,565,4,0.685,0.595
2011-09,13,Summer,Weekend / holiday,Mist / cloudy,1157,634,523,3,0.68,0.6667
2011-09,13,Summer,Working day,Clear,647,503,144,4,0.73,0.5975
2011-09,13,Summer,Working day,Light rain / snow,40,33,7,2,0.57,0.88
2011-09,13,Summer,Working day,Mist / cloudy,1690,1311,379,9,0.6378,0.6822
2011-09,14,Fall,Weekend / holiday,Mist / cloudy,737,457,280,2,0.66,0.76
2011-09,14,Fall,Working day,Clear,491,389,102,3,0.7,0.61
2011-09,14,Fall,Working day,Light rain / snow,24,21,3,1,0.6,1.0
2011-09,14,Fall,Working day,Mist / cloudy,418,296,122,2,0.66,0.63
2011-09,14,Summer,Weekend / holiday,Clear,1419,820,599,4,0.745,0.6225
2011-09,14,Summer,Weekend / holiday,Mist / cloudy,988,534,454,3,0.6067,0.6467
2011-09,14,Summer,Working day,Clear,651,492,159,4,0.745,0.57
2011-09,14,Summer,Working day,Light rain / snow,247,189,58,3,0.62,0.7833
2011-09,14,Summer,Working day,Mist / cloudy,1460,1132,328,8,0.635,0.6937
2011-09,15,Fall,Weekend / holiday,Mist / cloudy,805,518,287,2,0.66,0.76
2011-09,15,Fall,Working day,Clear,862,681,181,4,0.685,0.5675
2011-09,15,Fall,Working day,Light rain / snow,61,52,9,1,0.62,0.94
2011-09,15,Fall,Working day,Mist / cloudy,205,170,35,1,0.68,0.83
2011-09,15,Summer,Weekend / holiday,Clear,1682,926,756,4,0.745,0.605
2011-09,15,Summer,Weekend / holiday,Mist / cloudy,972,581,391,3,0.5933,0.7033
2011-09,15,Summer,Working day,Clear,930,739,191,5,0.744,0.53
2011-09,15,Summer,Working day,Light rain / snow,286,241,45,3,0.6067,0.9233
2011-09,15,Summer,Working day,Mist / cloudy,1429,1144,285,7,0.6286,0.6657
2011-09,16,Fall,Weekend / holiday,Clear,464,320,144,1,0.7,0.7
2011-09,16,Fall,Weekend / holiday,Mist / cloudy,449,282,167,1,0.64,0.78
2011-09,16,Fall,Working day,Clear,1244,1005,239,4,0.675,0.5725
2011-09,16,Fall,Working day,Light rain / snow,56,51,5,1,0.62,0.94
2011-09,16,Fall,Working day,Mist / cloudy,258,225,33,1,0.66,0.83
2011-09,16,Summer,Weekend / holiday,Clear,1930,1082,848,5,0.704,0.606
2011-09,16,Summer,Weekend / holiday,Mist / cloudy,653,427,226,2,0.62,0.715
2011-09,16,Summer,Working day,Clear,1604,1364,240,6,0.7233,0.595
2011-09,16,Summer,Working day,Light rain / snow,262,246,16,2,0.59,0.94
2011-09,16,Summer,Working day,Mist / cloudy,2070,1724,346,7,0.6143,0.6814
2011-09,17,Fall,Weekend / holiday,Clear,846,521,325,2,0.67,0.74
2011-09,17,Fall,Working day,Clear,2341,2060,281,4,0.67,0.6
2011-09,17,Fall,Working day,Mist / cloudy,629,566,63,2,0.63,0.945
2011-09,17,Summer,Weekend / holiday,Clear,1946,1094,852,5,0.692,0.628
2011-09,17,Summer,Weekend / holiday,Mist / cloudy,439,307,132,2,0.61,0.765
2011-09,17,Summer,Working day,Clear,3412,2997,415,6,0.7067,0.6167
2011-09,17,Summer,Working day,Light rain / snow,1195,1071,124,4,0.605,0.8475
2011-09,17,Summer,Working day,Mist / cloudy,2443,2129,314,5,0.596,0.686
2011-09,18,Fall,Weekend / holiday,Clear,804,522,282,2,0.66,0.76
2011-09,18,Fall,Working day,Clear,1882,1659,223,4,0.62,0.6825
2011-09,18,Fall,Working day,Light rain / snow,524,459,65,1,0.66,0.83
2011-09,18,Fall,Working day,Mist / cloudy,356,325,31,1,0.64,0.89
2011-09,18,Summer,Weekend / holiday,Clear,1517,910,607,5,0.708,0.696
2011-09,18,Summer,Weekend / holiday,Mist / cloudy,618,457,161,2,0.54,0.66
2011-09,18,Summer,Working day,Clear,3129,2782,347,6,0.69,0.655
2011-09,18,Summer,Working day,Light rain / snow,957,891,66,4,0.6,0.8325
2011-09,18,Summer,Working day,Mist / cloudy,2301,2068,233,5,0.588,0.712
2011-09,19,Fall,Weekend / holiday,Clear,637,473,164,2,0.63,0.855
2011-09,19,Fall,Working day,Clear,1389,1259,130,4,0.61,0.695
2011-09,19,Fall,Working day,Light rain / snow,372,315,57,1,0.66,0.83
2011-09,19,Fall,Working day,Mist / cloudy,320,294,26,1,0.64,0.89
2011-09,19,Summer,Weekend / holiday,Clear,1527,930,597,5,0.66,0.678
2011-09,19,Summer,Weekend / holiday,Light rain / snow,175,123,52,1,0.66,0.94
2011-09,19,Summer,Weekend / holiday,Mist / cloudy,245,191,54,1,0.54,0.68
2011-09,19,Summer,Working day,Clear,2480,2120,360,7,0.6314,0.71
2011-09,19,Summer,Working day,Light rain / snow,335,304,31,2,0.62,0.97
2011-09,19,Summer,Working day,Mist / cloudy,1997,1795,202,6,0.5967,0.765
2011-09,20,Fall,Weekend / holiday,Clear,429,301,128,2,0.63,0.83
2011-09,20,Fall,Working day,Clear,1171,1042,129,5,0.6,0.732
2011-09,20,Fall,Working day,Light rain / snow,102,91,11,1,0.6,0.83
2011-09,20,Summer,Weekend / holiday,Clear,1095,706,389,5,0.648,0.718
2011-09,20,Summer,Weekend / holiday,Light rain / snow,82,56,26,1,0.66,0.94
2011-09,20,Summer,Weekend / holiday,Mist / cloudy,180,136,44,1,0.54,0.68
2011-09,20,Summer,Working day,Clear,1758,1519,239,7,0.6114,0.7486
2011-09,20,Summer,Working day,Light rain / snow,419,392,27,3,0.6,0.9033
2011-09,20,Summer,Working day,Mist / cloudy,1091,942,149,5,0.604,0.738
2011-09,21,Fall,Weekend / holiday,Clear,359,269,90,2,0.62,0.885
2011-09,21,Fall,Working day,Clear,947,838,109,5,0.588,0.766
2011-09,21,Fall,Working day,Light rain / snow,74,67,7,1,0.6,0.88
2011-09,21,Summer,Weekend / holiday,Clear,760,481,279,4,0.67,0.76
2011-09,21,Summer,Weekend / holiday,Mist / cloudy,377,271,106,3,0.5667,0.78
2011-09,21,Summer,Working day,Clear,994,831,163,5,0.592,0.794
2011-09,21,Summer,Working day,Light rain / snow,241,219,22,3,0.6067,0.9033
2011-09,21,Summer,Working day,Mist / cloudy,1323,1144,179,7,0.6086,0.7357
2011-09,22,Fall,Weekend / holiday,Clear,104,84,20,1,0.62,0.88
2011-09,22,Fall,Weekend / holiday,Mist / cloudy,193,143,50,1,0.62,0.88
2011-09,22,Fall,Working day,Clear,835,697,138,6,0.5833,0.8117
2011-09,22,Summer,Weekend / holiday,Clear,575,408,167,4,0.61,0.755
2011-09,22,Summer,Weekend / holiday,Mist / cloudy,303,209,94,3,0.62,0.7667
2011-09,22,Summer,Working day,Clear,884,749,135,6,0.56,0.805
2011-09,22,Summer,Working day,Light rain / snow,99,91,8,2,0.62,0.97
2011-09,22,Summer,Working day,Mist / cloudy,1013,860,153,7,0.6143,0.7871
2011-09,23,Fall,Weekend / holiday,Mist / cloudy,229,190,39,2,0.61,0.91
2011-09,23,Fall,Working day,Clear,452,378,74,5,0.572,0.816
2011-09,23,Fall,Working day,Mist / cloudy,148,107,41,1,0.58,1.0
2011-09,23,Summer,Weekend / holiday,Clear,313,221,92,3,0.5533,0.7833
2011-09,23,Summer,Weekend / holiday,Light rain / snow,65,50,15,2,0.57,0.83
2011-09,23,Summer,Weekend / holiday,Mist / cloudy,243,165,78,2,0.67,0.79
2011-09,23,Summer,Working day,Clear,788,662,126,8,0.5775,0.7925
2011-09,23,Summer,Working day,Light rain / snow,108,103,5,3,0.5933,0.96
2011-09,23,Summer,Working day,Mist / cloudy,351,284,67,4,0.615,0.7725
2011-10,0,Fall,Weekend / holiday,Clear,852,667,185,9,0.4267,0.7244
2011-10,0,Fall,Weekend / holiday,Light rain / snow,66,62,4,2,0.32,0.9
2011-10,0,Fall,Working day,Clear,536,435,101,15,0.4453,0.79
2011-10,0,Fall,Working day,Mist / cloudy,131,98,33,5,0.512,0.858
2011-10,1,Fall,Weekend / holiday,Clear,569,463,106,9,0.4178,0.7367
2011-10,1,Fall,Weekend / holiday,Light rain / snow,42,41,1,2,0.32,0.87
2011-10,1,Fall,Working day,Clear,227,164,63,14,0.4414,0.7671
2011-10,1,Fall,Working day,Light rain / snow,10,8,2,1,0.56,0.83
2011-10,1,Fall,Working day,Mist / cloudy,59,42,17,5,0.488,0.88
2011-10,2,Fall,Weekend / holiday,Clear,438,336,102,9,0.4111,0.7444
2011-10,2,Fall,Weekend / holiday,Light rain / snow,47,43,4,2,0.32,0.87
2011-10,2,Fall,Working day,Clear,84,64,20,14,0.43,0.7843
2011-10,2,Fall,Working day,Light rain / snow,8,5,3,1,0.46,0.94
2011-10,2,Fall,Working day,Mist / cloudy,21,18,3,5,0.508,0.87
2011-10,3,Fall,Weekend / holiday,Clear,250,187,63,9,0.4044,0.7367
2011-10,3,Fall,Weekend / holiday,Light rain / snow,17,13,4,2,0.32,0.84
2011-10,3,Fall,Working day,Clear,74,60,14,15,0.4173,0.788
2011-10,3,Fall,Working day,Light rain / snow,6,5,1,2,0.5,0.94
2011-10,3,Fall,Working day,Mist / cloudy,9,5,4,2,0.53,0.94
2011-10,4,Fall,Weekend / holiday,Clear,81,52,29,9,0.3933,0.7644
2011-10,4,Fall,Weekend / holiday,Light rain / snow,1,1,0,1,0.3,0.81
2011-10,4,Fall,Weekend / holiday,Mist / cloudy,7,3,4,1,0.34,0.87
2011-10,4,Fall,Working day,Clear,89,72,17,14,0.4071,0.7886
2011-10,4,Fall,Working day,Light rain / snow,14,12,2,3,0.5067,0.92
2011-10,4,Fall,Working day,Mist / cloudy,16,14,2,3,0.5,0.94
2011-10,5,Fall,Weekend / holiday,Clear,80,72,8,9,0.38,0.7889
2011-10,5,Fall,Weekend / holiday,Light rain / snow,1,1,0,1,0.26,0.93
2011-10,5,Fall,Weekend / holiday,Mist / cloudy,5,4,1,1,0.44,0.62
2011-10,5,Fall,Working day,Clear,280,267,13,11,0.4,0.7882
2011-10,5,Fall,Working day,Light rain / snow,18,17,1,2,0.49,0.94
2011-10,5,Fall,Working day,Mist / cloudy,143,136,7,7,0.4686,0.85
2011-10,6,Fall,Weekend / holiday,Clear,191,156,35,10,0.374,0.794
2011-10,6,Fall,Weekend / holiday,Light rain / snow,5,1,4,1,0.26,0.87
2011-10,6,Fall,Working day,Clear,1390,1332,58,14,0.4043,0.7736
2011-10,6,Fall,Working day,Light rain / snow,223,211,12,4,0.53,0.8825
2011-10,6,Fall,Working day,Mist / cloudy,206,198,8,2,0.45,0.795
2011-10,7,Fall,Weekend / holiday,Clear,465,359,106,9,0.3778,0.8
2011-10,7,Fall,Weekend / holiday,Light rain / snow,43,36,7,2,0.34,0.77
2011-10,7,Fall,Working day,Clear,3091,2969,122,11,0.3909,0.7782
2011-10,7,Fall,Working day,Light rain / snow,296,280,16,3,0.54,0.8833
2011-10,7,Fall,Working day,Mist / cloudy,1591,1519,72,6,0.46,0.8167
2011-10,8,Fall,Weekend / holiday,Clear,970,774,196,8,0.42,0.7525
2011-10,8,Fall,Weekend / holiday,Light rain / snow,20,16,4,1,0.28,0.87
2011-10,8,Fall,Weekend / holiday,Mist / cloudy,131,108,23,2,0.37,0.76
2011-10,8,Fall,Working day,Clear,3850,3649,201,9,0.4378,0.6922
2011-10,8,Fall,Working day,Light rain / snow,735,703,32,3,0.52,0.86
2011-10,8,Fall,Working day,Mist / cloudy,3039,2849,190,8,0.4575,0.7812
2011-10,9,Fall,Weekend / holiday,Clear,1592,1156,436,9,0.4489,0.6756
2011-10,9,Fall,Weekend / holiday,Light rain / snow,149,131,18,2,0.34,0.845
2011-10,9,Fall,Working day,Clear,1530,1351,179,7,0.4543,0.6371
2011-10,9,Fall,Working day,Light rain / snow,311,291,20,2,0.54,0.94
2011-10,9,Fall,Working day,Mist / cloudy,2237,1994,243,11,0.48,0.7273
2011-10,10,Fall,Weekend / holiday,Clear,2103,1328,775,7,0.4943,0.6286
2011-10,10,Fall,Weekend / holiday,Light rain / snow,133,112,21,2,0.33,0.845
2011-10,10,Fall,Weekend / holiday,Mist / cloudy,484,337,147,2,0.4,0.665
2011-10,10,Fall,Working day,Clear,1223,948,275,9,0.4844,0.5622
2011-10,10,Fall,Working day,Light rain / snow,379,322,57,4,0.53,0.91
2011-10,10,Fall,Working day,Mist / cloudy,830,640,190,7,0.4914,0.7029
2011-10,11,Fall,Weekend / holiday,Clear,2466,1461,1005,7,0.5371,0.54
2011-10,11,Fall,Weekend / holiday,Light rain / snow,159,128,31,2,0.32,0.875
2011-10,11,Fall,Weekend / holiday,Mist / cloudy,574,390,184,2,0.41,0.64
2011-10,11,Fall,Working day,Clear,1754,1347,407,11,0.5073,0.52
2011-10,11,Fall,Working day,Light rain / snow,408,338,70,4,0.52,0.91
2011-10,11,Fall,Working day,Mist / cloudy,648,489,159,5,0.544,0.696
2011-10,12,Fall,Weekend / holiday,Clear,2871,1725,1146,7,0.5371,0.4471
2011-10,12,Fall,Weekend / holiday,Light rain / snow,50,44,6,1,0.24,0.87
2011-10,12,Fall,Weekend / holiday,Mist / cloudy,844,574,270,3,0.5,0.64
2011-10,12,Fall,Working day,Clear,1888,1529,359,9,0.5378,0.4633
2011-10,12,Fall,Working day,Light rain / snow,514,432,82,5,0.532,0.822
2011-10,12,Fall,Working day,Mist / cloudy,1067,825,242,6,0.5233,0.6383
2011-10,13,Fall,Weekend / holiday,Clear,3182,1806,1376,8,0.5775,0.425
2011-10,13,Fall,Weekend / holiday,Light rain / snow,338,254,84,2,0.32,0.745
2011-10,13,Fall,Weekend / holiday,Mist / cloudy,125,98,27,1,0.4,0.82
2011-10,13,Fall,Working day,Clear,1793,1440,353,9,0.5578,0.4867
2011-10,13,Fall,Working day,Light rain / snow,301,240,61,3,0.5067,0.7167
2011-10,13,Fall,Working day,Mist / cloudy,1319,1052,267,8,0.535,0.6575
2011-10,14,Fall,Weekend / holiday,Clear,2977,1578,1399,7,0.5971,0.4286
2011-10,14,Fall,Weekend / holiday,Light rain / snow,285,224,61,2,0.3,0.84
2011-10,14,Fall,Weekend / holiday,Mist / cloudy,490,324,166,2,0.45,0.595
2011-10,14,Fall,Working day,Clear,1677,1247,430,9,0.5956,0.4878
2011-10,14,Fall,Working day,Light rain / snow,466,361,105,4,0.52,0.8425
2011-10,14,Fall,Working day,Mist / cloudy,1014,796,218,7,0.4971,0.58
2011-10,15,Fall,Weekend / holiday,Clear,2751,1525,1226,7,0.5714,0.42
2011-10,15,Fall,Weekend / holiday,Light rain / snow,214,182,32,2,0.29,0.87
2011-10,15,Fall,Weekend / holiday,Mist / cloudy,579,408,171,2,0.57,0.565
2011-10,15,Fall,Working day,Clear,2477,1865,612,12,0.5817,0.5083
2011-10,15,Fall,Working day,Light rain / snow,266,220,46,3,0.4933,0.9
2011-10,15,Fall,Working day,Mist / cloudy,727,602,125,5,0.496,0.664
2011-10,16,Fall,Weekend / holiday,Clear,2914,1650,1264,7,0.5657,0.43
2011-10,16,Fall,Weekend / holiday,Light rain / snow,228,181,47,2,0.29,0.9
2011-10,16,Fall,Weekend / holiday,Mist / cloudy,625,413,212,2,0.55,0.605
2011-10,16,Fall,Working day,Clear,3728,3083,645,12,0.5767,0.5217
2011-10,16,Fall,Working day,Light rain / snow,201,180,21,1,0.56,0.94
2011-10,16,Fall,Working day,Mist / cloudy,1555,1363,192,7,0.4971,0.6914
2011-10,17,Fall,Weekend / holiday,Clear,2622,1594,1028,7,0.5371,0.4929
2011-10,17,Fall,Weekend / holiday,Light rain / snow,426,333,93,3,0.3267,0.8533
2011-10,17,Fall,Weekend / holiday,Mist / cloudy,459,334,125,1,0.66,0.54
2011-10,17,Fall,Working day,Clear,5718,5027,691,10,0.56,0.544
2011-10,17,Fall,Working day,Light rain / snow,911,837,74,3,0.5733,0.9033
2011-10,17,Fall,Working day,Mist / cloudy,3339,2988,351,7,0.4743,0.6457
2011-10,18,Fall,Weekend / holiday,Clear,2305,1511,794,7,0.52,0.4871
2011-10,18,Fall,Weekend / holiday,Light rain / snow,183,154,29,2,0.3,0.9
2011-10,18,Fall,Weekend / holiday,Mist / cloudy,647,523,124,2,0.5,0.67
2011-10,18,Fall,Working day,Clear,5510,4855,655,11,0.5345,0.5936
2011-10,18,Fall,Working day,Light rain / snow,580,541,39,3,0.5733,0.9233
2011-10,18,Fall,Working day,Mist / cloudy,2425,2219,206,6,0.4567,0.6317
2011-10,19,Fall,Weekend / holiday,Clear,1626,1190,436,8,0.48,0.655
2011-10,19,Fall,Weekend / holiday,Mist / cloudy,624,494,130,3,0.4467,0.7867
2011-10,19,Fall,Working day,Clear,3774,3391,383,12,0.505,0.62
2011-10,19,Fall,Working day,Light rain / snow,346,314,32,2,0.51,0.88
2011-10,19,Fall,Working day,Mist / cloudy,1396,1277,119,6,0.5067,0.7083
2011-10,20,Fall,Weekend / holiday,Clear,1419,1049,370,9,0.4622,0.6733
2011-10,20,Fall,Weekend / holiday,Light rain / snow,66,58,8,1,0.36,0.87
2011-10,20,Fall,Weekend / holiday,Mist / cloudy,87,71,16,1,0.36,0.76
2011-10,20,Fall,Working day,Clear,2735,2429,306,13,0.5031,0.6977
2011-10,20,Fall,Working day,Light rain / snow,582,543,39,4,0.47,0.8275
2011-10,20,Fall,Working day,Mist / cloudy,659,565,94,3,0.4933,0.6267
2011-10,21,Fall,Weekend / holiday,Clear,1278,994,284,10,0.442,0.714
2011-10,21,Fall,Weekend / holiday,Light rain / snow,56,53,3,1,0.36,0.87
2011-10,21,Fall,Working day,Clear,1973,1697,276,12,0.4783,0.7042
2011-10,21,Fall,Working day,Light rain / snow,157,143,14,2,0.43,0.85
2011-10,21,Fall,Working day,Mist / cloudy,877,792,85,6,0.4967,0.7917
2011-10,22,Fall,Weekend / holiday,Clear,934,702,232,8,0.4325,0.7062
2011-10,22,Fall,Weekend / holiday,Light rain / snow,64,55,9,1,0.36,0.81
2011-10,22,Fall,Weekend / holiday,Mist / cloudy,222,162,60,2,0.44,0.935
2011-10,22,Fall,Working day,Clear,1524,1311,213,12,0.4767,0.6883
2011-10,22,Fall,Working day,Light rain / snow,79,72,7,2,0.42,0.845
2011-10,22,Fall,Working day,Mist / cloudy,702,597,105,6,0.4833,0.8333
2011-10,23,Fall,Weekend / holiday,Clear,717,519,198,9,0.4067,0.7589
2011-10,23,Fall,Weekend / holiday,Light rain / snow,65,57,8,1,0.36,0.93
2011-10,23,Fall,Weekend / holiday,Mist / cloudy,75,63,12,1,0.54,0.88
2011-10,23,Fall,Working day,Clear,897,769,128,10,0.444,0.694
2011-10,23,Fall,Working day,Light rain / snow,93,72,21,2,0.42,0.875
2011-10,23,Fall,Working day,Mist / cloudy,486,423,63,8,0.495,0.845
2011-11,0,Fall,Weekend / holiday,Clear,519,448,71,9,0.3156,0.6322
2011-11,0,Fall,Weekend / holiday,Mist / cloudy,73,61,12,1,0.4,0.58
2011-11,0,Fall,Working day,Clear,293,254,39,13,0.3908,0.7538
2011-11,0,Fall,Working day,Light rain / snow,14,14,0,1,0.38,0.94
2011-11,0,Fall,Working day,Mist / cloudy,152,125,27,6,0.43,0.8983
2011-11,1,Fall,Weekend / holiday,Clear,466,411,55,9,0.3111,0.6344
2011-11,1,Fall,Weekend / holiday,Mist / cloudy,71,58,13,1,0.36,0.66
2011-11,1,Fall,Working day,Clear,148,121,27,13,0.38,0.7577
2011-11,1,Fall,Working day,Light rain / snow,23,18,5,3,0.44,0.94
2011-11,1,Fall,Working day,Mist / cloudy,41,39,2,4,0.425,0.8625
2011-11,2,Fall,Weekend / holiday,Clear,352,283,69,10,0.306,0.653
2011-11,2,Fall,Working day,Clear,74,52,22,10,0.346,0.758
2011-11,2,Fall,Working day,Light rain / snow,15,11,4,3,0.44,0.98
2011-11,2,Fall,Working day,Mist / cloudy,39,32,7,6,0.42,0.8583
2011-11,3,Fall,Weekend / holiday,Clear,94,63,31,8,0.2825,0.6888
2011-11,3,Fall,Weekend / holiday,Mist / cloudy,65,51,14,2,0.38,0.64
2011-11,3,Fall,Working day,Clear,45,39,6,11,0.3364,0.7855
2011-11,3,Fall,Working day,Light rain / snow,10,8,2,3,0.44,0.98
2011-11,3,Fall,Working day,Mist / cloudy,28,24,4,6,0.4433,0.825
2011-11,4,Fall,Weekend / holiday,Clear,47,39,8,8,0.2775,0.7013
2011-11,4,Fall,Weekend / holiday,Mist / cloudy,18,15,3,2,0.38,0.665
2011-11,4,Fall,Working day,Clear,66,56,10,13,0.3492,0.7823
2011-11,4,Fall,Working day,Light rain / snow,17,17,0,3,0.4467,0.94
2011-11,4,Fall,Working day,Mist / cloudy,21,17,4,4,0.435,0.83
2011-11,5,Fall,Weekend / holiday,Clear,50,46,4,9,0.2844,0.6789
2011-11,5,Fall,Weekend / holiday,Mist / cloudy,4,4,0,1,0.42,0.67
2011-11,5,Fall,Working day,Clear,278,269,9,12,0.3383,0.7942
2011-11,5,Fall,Working day,Light rain / snow,53,51,2,3,0.3933,0.8633
2011-11,5,Fall,Working day,Mist / cloudy,102,100,2,5,0.416,0.896
2011-11,6,Fall,Weekend / holiday,Clear,142,126,16,8,0.285,0.6625
2011-11,6,Fall,Weekend / holiday,Mist / cloudy,19,14,5,2,0.36,0.71
2011-11,6,Fall,Working day,Clear,861,836,25,10,0.324,0.789
2011-11,6,Fall,Working day,Light rain / snow,75,72,3,1,0.36,0.57
2011-11,6,Fall,Working day,Mist / cloudy,766,738,28,9,0.4133,0.8933
2011-11,7,Fall,Weekend / holiday,Clear,397,337,60,10,0.292,0.709
2011-11,7,Fall,Working day,Clear,2605,2531,74,10,0.336,0.774
2011-11,7,Fall,Working day,Light rain / snow,426,413,13,3,0.3933,0.83
2011-11,7,Fall,Working day,Mist / cloudy,1841,1767,74,7,0.4057,0.88
2011-11,8,Fall,Weekend / holiday,Clear,762,679,83,8,0.3075,0.6412
2011-11,8,Fall,Weekend / holiday,Mist / cloudy,155,123,32,2,0.35,0.79
2011-11,8,Fall,Working day,Clear,3189,3088,101,8,0.3275,0.7838
2011-11,8,Fall,Working day,Light rain / snow,777,751,26,3,0.3933,0.83
2011-11,8,Fall,Working day,Mist / cloudy,3696,3562,134,9,0.4222,0.8656
2011-11,9,Fall,Weekend / holiday,Clear,1192,1000,192,9,0.3533,0.61
2011-11,9,Fall,Weekend / holiday,Mist / cloudy,170,134,36,1,0.3,0.75
2011-11,9,Fall,Working day,Clear,1361,1256,105,7,0.3314,0.75
2011-11,9,Fall,Working day,Light rain / snow,433,421,12,3,0.4733,0.87
2011-11,9,Fall,Working day,Mist / cloudy,2046,1877,169,10,0.436,0.814
2011-11,10,Fall,Weekend / holiday,Clear,1790,1311,479,9,0.3644,0.5789
2011-11,10,Fall,Weekend / holiday,Mist / cloudy,229,183,46,1,0.44,0.72
2011-11,10,Fall,Working day,Clear,992,792,200,8,0.3725,0.6888
2011-11,10,Fall,Working day,Light rain / snow,124,112,12,3,0.4733,0.87
2011-11,10,Fall,Working day,Mist / cloudy,1009,853,156,9,0.4644,0.7522
2011-11,11,Fall,Weekend / holiday,Clear,2183,1488,695,9,0.4044,0.4956
2011-11,11,Fall,Weekend / holiday,Mist / cloudy,286,212,74,1,0.5,0.63
2011-11,11,Fall,Working day,Clear,1296,1044,252,9,0.4156,0.6267
2011-11,11,Fall,Working day,Light rain / snow,200,184,16,4,0.42,0.855
2011-11,11,Fall,Working day,Mist / cloudy,894,775,119,7,0.5057,0.6871
2011-11,12,Fall,Weekend / holiday,Clear,2349,1554,795,8,0.4275,0.455
2011-11,12,Fall,Weekend / holiday,Mist / cloudy,658,476,182,2,0.51,0.46
2011-11,12,Fall,Working day,Clear,2083,1732,351,11,0.4836,0.5264
2011-11,12,Fall,Working day,Light rain / snow,93,84,9,3,0.4267,0.94
2011-11,12,Fall,Working day,Mist / cloudy,983,851,132,6,0.44,0.6217
2011-11,13,Fall,Weekend / holiday,Clear,2434,1520,914,8,0.455,0.41
2011-11,13,Fall,Weekend / holiday,Mist / cloudy,708,519,189,2,0.53,0.445
2011-11,13,Fall,Working day,Clear,1737,1344,393,9,0.4911,0.4756
2011-11,13,Fall,Working day,Light rain / snow,355,315,40,5,0.44,0.824
2011-11,13,Fall,Working day,Mist / cloudy,910,810,100,6,0.46,0.545
2011-11,14,Fall,Weekend / holiday,Clear,2581,1645,936,8,0.4775,0.415
2011-11,14,Fall,Weekend / holiday,Mist / cloudy,670,421,249,2,0.51,0.38
2011-11,14,Fall,Working day,Clear,2127,1654,473,12,0.5083,0.4575
2011-11,14,Fall,Working day,Light rain / snow,135,124,11,3,0.3933,0.9367
2011-11,14,Fall,Working day,Mist / cloudy,565,494,71,5,0.44,0.668
2011-11,15,Fall,Weekend / holiday,Clear,2099,1374,725,7,0.4714,0.3843
2011-11,15,Fall,Weekend / holiday,Mist / cloudy,975,623,352,3,0.5067,0.5067
2011-11,15,Fall,Working day,Clear,2229,1730,499,12,0.505,0.4458
2011-11,15,Fall,Working day,Light rain / snow,335,292,43,5,0.424,0.9
2011-11,15,Fall,Working day,Mist / cloudy,514,455,59,3,0.4333,0.5433
2011-11,16,Fall,Weekend / holiday,Clear,2005,1366,639,7,0.46,0.4071
2011-11,16,Fall,Weekend / holiday,Mist / cloudy,900,589,311,3,0.5067,0.46
2011-11,16,Fall,Working day,Clear,3456,2935,521,13,0.48,0.4438
2011-11,16,Fall,Working day,Light rain / snow,517,477,40,5,0.424,0.9
2011-11,16,Fall,Working day,Mist / cloudy,444,409,35,2,0.46,0.65
2011-11,17,Fall,Weekend / holiday,Clear,1926,1463,463,8,0.45,0.4138
2011-11,17,Fall,Weekend / holiday,Mist / cloudy,387,290,97,2,0.49,0.55
2011-11,17,Fall,Working day,Clear,5497,5077,420,12,0.4667,0.4742
2011-11,17,Fall,Working day,Light rain / snow,715,685,30,4,0.4,0.865
2011-11,17,Fall,Working day,Mist / cloudy,1418,1349,69,4,0.43,0.74
2011-11,18,Fall,Weekend / holiday,Clear,1423,1147,276,8,0.42,0.505
2011-11,18,Fall,Weekend / holiday,Mist / cloudy,330,241,89,2,0.48,0.63
2011-11,18,Fall,Working day,Clear,5110,4786,324,13,0.4338,0.5331
2011-11,18,Fall,Working day,Light rain / snow,529,508,21,3,0.44,0.92
2011-11,18,Fall,Working day,Mist / cloudy,1217,1162,55,4,0.415,0.7325
2011-11,19,Fall,Weekend / holiday,Clear,1049,853,196,7,0.4057,0.5257
2011-11,19,Fall,Weekend / holiday,Mist / cloudy,485,389,96,3,0.4133,0.7133
2011-11,19,Fall,Working day,Clear,3154,2922,232,13,0.4262,0.5885
2011-11,19,Fall,Working day,Light rain / snow,359,349,10,3,0.44,0.92
2011-11,19,Fall,Working day,Mist / cloudy,1026,968,58,4,0.395,0.705
2011-11,20,Fall,Weekend / holiday,Clear,796,660,136,7,0.3971,0.58
2011-11,20,Fall,Weekend / holiday,Mist / cloudy,417,291,126,3,0.4333,0.61
2011-11,20,Fall,Working day,Clear,2099,1938,161,12,0.3967,0.615
2011-11,20,Fall,Working day,Light rain / snow,179,169,10,2,0.42,0.875
2011-11,20,Fall,Working day,Mist / cloudy,1125,1059,66,6,0.4233,0.7683
2011-11,21,Fall,Weekend / holiday,Clear,620,528,92,7,0.3886,0.59
2011-11,21,Fall,Weekend / holiday,Mist / cloudy,305,245,60,3,0.4067,0.7367
2011-11,21,Fall,Working day,Clear,1906,1753,153,14,0.3743,0.6429
2011-11,21,Fall,Working day,Light rain / snow,189,175,14,2,0.42,0.875
2011-11,21,Fall,Working day,Mist / cloudy,539,499,40,4,0.47,0.8525
2011-11,22,Fall,Weekend / holiday,Clear,513,409,104,7,0.3886,0.6029
2011-11,22,Fall,Weekend / holiday,Light rain / snow,40,35,5,1,0.46,0.88
2011-11,22,Fall,Weekend / holiday,Mist / cloudy,171,131,40,2,0.38,0.69
2011-11,22,Fall,Working day,Clear,1469,1345,124,15,0.36,0.6787
2011-11,22,Fall,Working day,Light rain / snow,124,117,7,2,0.41,0.875
2011-11,22,Fall,Working day,Mist / cloudy,324,292,32,3,0.4933,0.8833
2011-11,23,Fall,Weekend / holiday,Clear,591,488,103,9,0.3711,0.6689
2011-11,23,Fall,Weekend / holiday,Light rain / snow,28,25,3,1,0.46,0.88
2011-11,23,Fall,Working day,Clear,840,754,86,14,0.3514,0.7071
2011-11,23,Fall,Working day,Light rain / snow,64,57,7,2,0.41,0.875
2011-11,23,Fall,Working day,Mist / cloudy,247,216,31,4,0.45,0.82
2011-12,0,Fall,Weekend / holiday,Clear,365,321,44,5,0.26,0.602
2011-12,0,Fall,Weekend / holiday,Mist / cloudy,77,66,11,1,0.26,0.81
2011-12,0,Fall,Working day,Clear,368,322,46,12,0.3,0.7267
2011-12,0,Fall,Working day,Mist / cloudy,49,46,3,2,0.38,0.82
2011-12,0,Winter,Weekend / holiday,Clear,17,10,7,2,0.23,0.675
2011-12,0,Winter,Weekend / holiday,Mist / cloudy,67,57,10,2,0.35,0.66
2011-12,0,Winter,Working day,Clear,52,45,7,3,0.2867,0.7567
2011-12,0,Winter,Working day,Light rain / snow,9,7,2,1,0.4,0.87
2011-12,0,Winter,Working day,Mist / cloudy,80,66,14,3,0.3533,0.6667
2011-12,1,Fall,Weekend / holiday,Clear,253,213,40,4,0.23,0.67
2011-12,1,Fall,Weekend / holiday,Mist / cloudy,109,94,15,2,0.28,0.61
2011-12,1,Fall,Working day,Clear,127,114,13,11,0.2745,0.7245
2011-12,1,Fall,Working day,Mist / cloudy,49,38,11,3,0.4133,0.86
2011-12,1,Winter,Weekend / holiday,Clear,14,9,5,2,0.25,0.625
2011-12,1,Winter,Weekend / holiday,Mist / cloudy,51,46,5,2,0.36,0.64
2011-12,1,Winter,Working day,Clear,68,59,9,5,0.3,0.704
2011-12,1,Winter,Working day,Light rain / snow,12,11,1,1,0.4,0.87
2011-12,1,Winter,Working day,Mist / cloudy,11,10,1,1,0.36,0.66
2011-12,2,Fall,Weekend / holiday,Clear,205,178,27,4,0.23,0.64
2011-12,2,Fall,Weekend / holiday,Mist / cloudy,118,95,23,2,0.28,0.585
2011-12,2,Fall,Working day,Clear,77,73,4,10,0.266,0.734
2011-12,2,Fall,Working day,Light rain / snow,6,4,2,1,0.46,1.0
2011-12,2,Fall,Working day,Mist / cloudy,21,18,3,3,0.3733,0.7267
2011-12,2,Winter,Weekend / holiday,Clear,9,7,2,2,0.28,0.605
2011-12,2,Winter,Weekend / holiday,Mist / cloudy,54,49,5,2,0.36,0.64
2011-12,2,Winter,Working day,Clear,37,32,5,5,0.3,0.668
2011-12,2,Winter,Working day,Light rain / snow,13,12,1,1,0.38,0.94
2011-12,2,Winter,Working day,Mist / cloudy,4,4,0,1,0.36,0.71
2011-12,3,Fall,Weekend / holiday,Clear,113,94,19,5,0.232,0.638
2011-12,3,Fall,Weekend / holiday,Mist / cloudy,25,20,5,1,0.28,0.61
2011-12,3,Fall,Working day,Clear,33,29,4,10,0.254,0.75
2011-12,3,Fall,Working day,Light rain / snow,3,3,0,1,0.46,1.0
2011-12,3,Fall,Working day,Mist / cloudy,8,6,2,3,0.3733,0.7267
2011-12,3,Winter,Weekend / holiday,Clear,4,3,1,1,0.22,0.72
2011-12,3,Winter,Weekend / holiday,Mist / cloudy,23,22,1,2,0.36,0.66
2011-12,3,Winter,Working day,Clear,18,18,0,4,0.3,0.6325
2011-12,3,Winter,Working day,Light rain / snow,4,4,0,1,0.38,0.94
2011-12,3,Winter,Working day,Mist / cloudy,5,5,0,2,0.33,0.66
2011-12,4,Fall,Weekend / holiday,Clear,34,31,3,5,0.22,0.682
2011-12,4,Fall,Weekend / holiday,Mist / cloudy,3,3,0,1,0.26,0.65
2011-12,4,Fall,Working day,Clear,28,27,1,8,0.225,0.7725
2011-12,4,Fall,Working day,Light rain / snow,8,8,0,2,0.46,0.94
2011-12,4,Fall,Working day,Mist / cloudy,17,16,1,4,0.355,0.605
2011-12,4,Winter,Weekend / holiday,Clear,12,11,1,2,0.36,0.585
2011-12,4,Winter,Weekend / holiday,Mist / cloudy,3,3,0,1,0.32,0.66
2011-12,4,Winter,Working day,Clear,8,7,1,3,0.2733,0.69
2011-12,4,Winter,Working day,Light rain / snow,2,2,0,1,0.38,0.94
2011-12,4,Winter,Working day,Mist / cloudy,5,5,0,2,0.33,0.68
2011-12,5,Fall,Weekend / holiday,Clear,27,24,3,5,0.228,0.658
2011-12,5,Fall,Weekend / holiday,Mist / cloudy,9,7,2,1,0.26,0.6
2011-12,5,Fall,Working day,Clear,192,190,2,9,0.2422,0.7444
2011-12,5,Fall,Working day,Light rain / snow,23,23,0,2,0.46,0.94
2011-12,5,Fall,Working day,Mist / cloudy,65,65,0,3,0.3133,0.6933
2011-12,5,Winter,Weekend / holiday,Clear,5,5,0,2,0.27,0.585
2011-12,5,Winter,Weekend / holiday,Mist / cloudy,5,3,2,2,0.34,0.71
2011-12,5,Winter,Working day,Clear,53,52,1,5,0.296,0.724
2011-12,5,Winter,Working day,Mist / cloudy,36,36,0,2,0.34,0.73
2011-12,6,Fall,Weekend / holiday,Clear,39,36,3,5,0.216,0.682
2011-12,6,Fall,Weekend / holiday,Mist / cloudy,17,17,0,1,0.26,0.56
2011-12,6,Fall,Working day,Clear,724,711,13,9,0.2267,0.7611
2011-12,6,Fall,Working day,Light rain / snow,18,18,0,1,0.48,1.0
2011-12,6,Fall,Working day,Mist / cloudy,327,319,8,4,0.375,0.6775
2011-12,6,Winter,Weekend / holiday,Clear,5,5,0,2,0.26,0.6
2011-12,6,Winter,Weekend / holiday,Mist / cloudy,16,15,1,2,0.35,0.73
2011-12,6,Winter,Working day,Clear,220,215,5,5,0.3,0.71
2011-12,6,Winter,Working day,Mist / cloudy,111,110,1,2,0.33,0.74
2011-12,7,Fall,Weekend / holiday,Clear,106,99,7,5,0.22,0.682
2011-12,7,Fall,Weekend / holiday,Mist / cloudy,20,20,0,1,0.26,0.56
2011-12,7,Fall,Working day,Clear,2361,2300,61,10,0.23,0.762
2011-12,7,Fall,Working day,Light rain / snow,46,43,3,1,0.44,1.0
2011-12,7,Fall,Working day,Mist / cloudy,733,714,19,3,0.4,0.6733
2011-12,7,Winter,Weekend / holiday,Clear,33,31,2,3,0.28,0.65
2011-12,7,Winter,Weekend / holiday,Light rain / snow,19,13,6,1,0.38,0.76
2011-12,7,Winter,Working day,Clear,589,572,17,5,0.292,0.742
2011-12,7,Winter,Working day,Mist / cloudy,309,303,6,2,0.33,0.76
2011-12,8,Fall,Weekend / holiday,Clear,295,277,18,5,0.224,0.73
2011-12,8,Fall,Weekend / holiday,Mist / cloudy,59,55,4,1,0.26,0.56
2011-12,8,Fall,Working day,Clear,3396,3311,85,8,0.255,0.7075
2011-12,8,Fall,Working day,Light rain / snow,86,80,6,1,0.44,1.0
2011-12,8,Fall,Working day,Mist / cloudy,2155,2108,47,5,0.328,0.762
2011-12,8,Winter,Weekend / holiday,Clear,99,86,13,4,0.285,0.69
2011-12,8,Winter,Working day,Clear,399,379,20,2,0.36,0.665
2011-12,8,Winter,Working day,Light rain / snow,405,393,12,1,0.36,0.93
2011-12,8,Winter,Working day,Mist / cloudy,922,888,34,4,0.275,0.7275
2011-12,9,Fall,Weekend / holiday,Clear,587,510,77,5,0.252,0.67
2011-12,9,Fall,Weekend / holiday,Mist / cloudy,100,95,5,1,0.26,0.56
2011-12,9,Fall,Working day,Clear,1618,1547,71,7,0.2743,0.63
2011-12,9,Fall,Working day,Light rain / snow,64,64,0,1,0.44,1.0
2011-12,9,Fall,Working day,Mist / cloudy,1392,1335,57,6,0.3367,0.74
2011-12,9,Winter,Weekend / holiday,Clear,231,183,48,4,0.315,0.635
2011-12,9,Winter,Working day,Clear,539,498,41,3,0.3267,0.66
2011-12,9,Winter,Working day,Light rain / snow,104,85,19,1,0.32,0.66
2011-12,9,Winter,Working day,Mist / cloudy,632,593,39,3,0.3267,0.7933
2011-12,10,Fall,Weekend / holiday,Clear,926,800,126,5,0.288,0.606
2011-12,10,Fall,Weekend / holiday,Mist / cloudy,181,171,10,1,0.26,0.52
2011-12,10,Fall,Working day,Clear,650,601,49,6,0.2933,0.575
2011-12,10,Fall,Working day,Light rain / snow,83,76,7,2,0.45,0.97
2011-12,10,Fall,Working day,Mist / cloudy,698,631,67,6,0.3367,0.665
2011-12,10,Winter,Weekend / holiday,Clear,297,211,86,4,0.325,0.6025
2011-12,10,Winter,Working day,Clear,318,288,30,3,0.3467,0.6133
2011-12,10,Winter,Working day,Mist / cloudy,400,355,45,4,0.355,0.735
2011-12,11,Fall,Weekend / holiday,Clear,962,791,171,4,0.31,0.565
2011-12,11,Fall,Weekend / holiday,Mist / cloudy,397,356,41,2,0.26,0.525
2011-12,11,Fall,Working day,Clear,755,678,77,6,0.3133,0.58
2011-12,11,Fall,Working day,Light rain / snow,82,75,7,2,0.45,0.97
2011-12,11,Fall,Working day,Mist / cloudy,761,686,75,6,0.35,0.6133
2011-12,11,Winter,Weekend / holiday,Clear,464,307,157,4,0.345,0.565
2011-12,11,Winter,Working day,Clear,456,367,89,3,0.36,0.5667
2011-12,11,Winter,Working day,Light rain / snow,30,24,6,1,0.32,0.66
2011-12,11,Winter,Working day,Mist / cloudy,323,287,36,3,0.3867,0.73
2011-12,12,Fall,Weekend / holiday,Clear,1486,1210,276,5,0.312,0.542
2011-12,12,Fall,Weekend / holiday,Mist / cloudy,244,216,28,1,0.28,0.45
2011-12,12,Fall,Working day,Clear,1134,1032,102,7,0.3286,0.5257
2011-12,12,Fall,Working day,Light rain / snow,88,79,9,2,0.45,1.0
2011-12,12,Fall,Working day,Mist / cloudy,803,725,78,5,0.4,0.576
2011-12,12,Winter,Weekend / holiday,Clear,533,366,167,4,0.38,0.49
2011-12,12,Winter,Working day,Clear,507,423,84,3,0.3533,0.5233
2011-12,12,Winter,Working day,Light rain / snow,85,74,11,2,0.38,0.845
2011-12,12,Winter,Working day,Mist / cloudy,332,298,34,2,0.37,0.555
2011-12,13,Fall,Weekend / holiday,Clear,1431,1164,267,5,0.34,0.46
2011-12,13,Fall,Weekend / holiday,Mist / cloudy,236,204,32,1,0.28,0.48
2011-12,13,Fall,Working day,Clear,922,828,94,6,0.37,0.4533
2011-12,13,Fall,Working day,Light rain / snow,104,93,11,2,0.45,1.0
2011-12,13,Fall,Working day,Mist / cloudy,952,863,89,6,0.3933,0.5467
2011-12,13,Winter,Weekend / holiday,Clear,653,424,229,4,0.385,0.4775
2011-12,13,Winter,Working day,Clear,353,312,41,2,0.37,0.445
2011-12,13,Winter,Working day,Light rain / snow,78,74,4,2,0.37,0.905
2011-12,13,Winter,Working day,Mist / cloudy,526,416,110,3,0.3667,0.56
2011-12,14,Fall,Weekend / holiday,Clear,1657,1344,313,6,0.3333,0.435
2011-12,14,Fall,Working day,Clear,915,782,133,6,0.38,0.43
2011-12,14,Fall,Working day,Light rain / snow,100,93,7,2,0.46,1.0
2011-12,14,Fall,Working day,Mist / cloudy,793,721,72,6,0.41,0.5433
2011-12,14,Winter,Weekend / holiday,Clear,624,380,244,4,0.38,0.4775
2011-12,14,Winter,Working day,Clear,320,273,47,2,0.36,0.465
2011-12,14,Winter,Working day,Light rain / snow,14,14,0,1,0.42,0.82
2011-12,14,Winter,Working day,Mist / cloudy,597,466,131,4,0.41,0.625
2011-12,15,Fall,Weekend / holiday,Clear,1633,1301,332,6,0.34,0.43
2011-12,15,Fall,Working day,Clear,969,856,113,6,0.3833,0.4217
2011-12,15,Fall,Working day,Light rain / snow,157,144,13,3,0.48,0.83
2011-12,15,Fall,Working day,Mist / cloudy,754,679,75,5,0.384,0.564
2011-12,15,Winter,Weekend / holiday,Clear,572,399,173,4,0.375,0.4675
2011-12,15,Winter,Working day,Clear,612,528,84,3,0.3733,0.4467
2011-12,15,Winter,Working day,Light rain / snow,19,17,2,1,0.42,0.82
2011-12,15,Winter,Working day,Mist / cloudy,452,393,59,3,0.42,0.6633
2011-12,16,Fall,Weekend / holiday,Clear,1538,1252,286,6,0.33,0.4233
2011-12,16,Fall,Working day,Clear,1836,1712,124,8,0.4025,0.4775
2011-12,16,Fall,Working day,Light rain / snow,250,236,14,3,0.4467,0.8867
2011-12,16,Fall,Working day,Mist / cloudy,683,654,29,3,0.34,0.52
2011-12,16,Winter,Weekend / holiday,Clear,477,337,140,4,0.37,0.4825
2011-12,16,Winter,Working day,Clear,808,712,96,4,0.35,0.4625
2011-12,16,Winter,Working day,Light rain / snow,147,139,8,2,0.44,0.94
2011-12,16,Winter,Working day,Mist / cloudy,256,226,30,1,0.46,0.63
2011-12,17,Fall,Weekend / holiday,Clear,1126,973,153,6,0.3067,0.4967
2011-12,17,Fall,Working day,Clear,3175,3063,112,8,0.3725,0.53
2011-12,17,Fall,Working day,Light rain / snow,52,48,4,1,0.4,1.0
2011-12,17,Fall,Working day,Mist / cloudy,1706,1640,66,5,0.392,0.634
2011-12,17,Winter,Weekend / holiday,Clear,338,254,84,4,0.345,0.515
2011-12,17,Winter,Working day,Clear,872,768,104,4,0.33,0.515
2011-12,17,Winter,Working day,Light rain / snow,344,335,9,2,0.42,0.935
2011-12,17,Winter,Working day,Mist / cloudy,356,332,24,1,0.44,0.67
2011-12,18,Fall,Weekend / holiday,Clear,1025,922,103,6,0.2933,0.505
2011-12,18,Fall,Working day,Clear,3316,3202,114,9,0.3556,0.5522
2011-12,18,Fall,Working day,Light rain / snow,51,48,3,1,0.4,0.94
2011-12,18,Fall,Working day,Mist / cloudy,1366,1314,52,4,0.415,0.665
2011-12,18,Winter,Weekend / holiday,Clear,233,190,43,4,0.34,0.5375
2011-12,18,Winter,Working day,Clear,788,731,57,5,0.332,0.586
2011-12,18,Winter,Working day,Mist / cloudy,568,555,13,2,0.44,0.81
2011-12,19,Fall,Weekend / holiday,Clear,742,669,73,5,0.284,0.564
2011-12,19,Fall,Weekend / holiday,Light rain / snow,106,95,11,1,0.24,0.65
2011-12,19,Fall,Working day,Clear,1656,1592,64,7,0.3229,0.56
2011-12,19,Fall,Working day,Light rain / snow,266,254,12,2,0.4,0.935
2011-12,19,Fall,Working day,Mist / cloudy,1328,1265,63,5,0.404,0.592
2011-12,19,Winter,Weekend / holiday,Clear,198,160,38,4,0.335,0.57
2011-12,19,Winter,Working day,Clear,452,421,31,4,0.305,0.5925
2011-12,19,Winter,Working day,Mist / cloudy,463,426,37,3,0.4267,0.6833
2011-12,20,Fall,Weekend / holiday,Clear,657,595,62,6,0.2633,0.5933
2011-12,20,Fall,Working day,Clear,1605,1527,78,9,0.3533,0.5522
2011-12,20,Fall,Working day,Light rain / snow,136,132,4,2,0.4,0.935
2011-12,20,Fall,Working day,Mist / cloudy,532,505,27,3,0.3733,0.6433
2011-12,20,Winter,Weekend / holiday,Clear,177,142,35,4,0.325,0.5375
2011-12,20,Winter,Working day,Clear,294,271,23,4,0.29,0.65
2011-12,20,Winter,Working day,Light rain / snow,33,33,0,1,0.42,0.71
2011-12,20,Winter,Working day,Mist / cloudy,258,237,21,2,0.42,0.8
2011-12,21,Fall,Weekend / holiday,Clear,403,365,38,5,0.244,0.638
2011-12,21,Fall,Weekend / holiday,Mist / cloudy,109,104,5,1,0.3,0.61
2011-12,21,Fall,Working day,Clear,1110,1059,51,8,0.33,0.635
2011-12,21,Fall,Working day,Light rain / snow,6,6,0,1,0.3,0.87
2011-12,21,Fall,Working day,Mist / cloudy,673,626,47,5,0.38,0.704
2011-12,21,Winter,Weekend / holiday,Clear,139,119,20,4,0.305,0.6
2011-12,21,Winter,Working day,Clear,288,261,27,4,0.34,0.7
2011-12,21,Winter,Working day,Light rain / snow,17,15,2,1,0.42,0.71
2011-12,21,Winter,Working day,Mist / cloudy,163,144,19,2,0.32,0.635
2011-12,22,Fall,Weekend / holiday,Clear,331,303,28,5,0.24,0.666
2011-12,22,Fall,Weekend / holiday,Mist / cloudy,114,97,17,1,0.32,0.61
2011-12,22,Fall,Working day,Clear,833,780,53,8,0.3225,0.6462
2011-12,22,Fall,Working day,Light rain / snow,100,95,5,2,0.35,0.965
2011-12,22,Fall,Working day,Mist / cloudy,426,393,33,4,0.365,0.65
2011-12,22,Winter,Weekend / holiday,Clear,102,85,17,4,0.29,0.6125
2011-12,22,Winter,Working day,Clear,272,253,19,5,0.328,0.7
2011-12,22,Winter,Working day,Light rain / snow,17,17,0,1,0.36,0.93
2011-12,22,Winter,Working day,Mist / cloudy,85,78,7,1,0.34,0.71
2011-12,23,Fall,Weekend / holiday,Clear,337,301,36,6,0.24,0.705
2011-12,23,Fall,Working day,Clear,668,612,56,10,0.304,0.698
2011-12,23,Fall,Working day,Light rain / snow,53,48,5,1,0.46,1.0
2011-12,23,Fall,Working day,Mist / cloudy,190,165,25,3,0.38,0.6633
2011-12,23,Winter,Weekend / holiday,Clear,93,82,11,4,0.28,0.6425
2011-12,23,Winter,Working day,Clear,189,179,10,5,0.328,0.712
2011-12,23,Winter,Working day,Light rain / snow,11,10,1,1,0.4,0.87
2011-12,23,Winter,Working day,Mist / cloudy,73,60,13,1,0.36,0.66
2012-01,0,Winter,Weekend / holiday,Clear,602,543,59,10,0.272,0.501
2012-01,0,Winter,Weekend / holiday,Light rain / snow,24,24,0,1,0.16,0.64
2012-01,0,Winter,Working day,Clear,152,140,12,8,0.21,0.63
2012-01,0,Winter,Working day,Light rain / snow,3,3,0,1,0.34,0.93
2012-01,0,Winter,Working day,Mist / cloudy,243,215,28,11,0.3,0.6991
2012-01,1,Winter,Weekend / holiday,Clear,440,394,46,8,0.2925,0.4587
2012-01,1,Winter,Weekend / holiday,Heavy rain / snow,23,22,1,1,0.14,0.86
2012-01,1,Winter,Weekend / holiday,Mist / cloudy,92,89,3,2,0.17,0.605
2012-01,1,Winter,Working day,Clear,84,74,10,11,0.2164,0.5782
2012-01,1,Winter,Working day,Light rain / snow,3,3,0,1,0.36,0.93
2012-01,1,Winter,Working day,Mist / cloudy,92,77,15,8,0.315,0.815
2012-01,2,Winter,Weekend / holiday,Clear,334,290,44,8,0.28,0.47
2012-01,2,Winter,Weekend / holiday,Light rain / snow,26,25,1,1,0.14,0.86
2012-01,2,Winter,Weekend / holiday,Mist / cloudy,90,84,6,2,0.17,0.605
2012-01,2,Winter,Working day,Clear,79,68,11,13,0.2385,0.5954
2012-01,2,Winter,Working day,Light rain / snow,14,13,1,2,0.32,0.84
2012-01,2,Winter,Working day,Mist / cloudy,23,17,6,5,0.288,0.784
2012-01,3,Winter,Weekend / holiday,Clear,165,136,29,7,0.2486,0.5314
2012-01,3,Winter,Weekend / holiday,Light rain / snow,13,13,0,1,0.14,0.93
2012-01,3,Winter,Weekend / holiday,Mist / cloudy,46,44,2,2,0.17,0.585
2012-01,3,Winter,Working day,Clear,40,36,4,12,0.215,0.5933
2012-01,3,Winter,Working day,Light rain / snow,3,3,0,1,0.36,0.93
2012-01,3,Winter,Working day,Mist / cloudy,22,17,5,5,0.328,0.798
2012-01,4,Winter,Weekend / holiday,Clear,52,47,5,8,0.245,0.5375
2012-01,4,Winter,Weekend / holiday,Light rain / snow,3,2,1,2,0.16,0.83
2012-01,4,Winter,Weekend / holiday,Mist / cloudy,6,5,1,1,0.16,0.47
2012-01,4,Winter,Working day,Clear,34,34,0,12,0.2117,0.595
2012-01,4,Winter,Working day,Light rain / snow,7,6,1,3,0.3333,0.7633
2012-01,4,Winter,Working day,Mist / cloudy,16,15,1,5,0.26,0.85
2012-01,5,Winter,Weekend / holiday,Clear,45,40,5,7,0.2171,0.6157
2012-01,5,Winter,Weekend / holiday,Light rain / snow,5,4,1,2,0.16,0.8
2012-01,5,Winter,Weekend / holiday,Mist / cloudy,7,7,0,2,0.24,0.48
2012-01,5,Winter,Working day,Clear,219,219,0,10,0.22,0.553
2012-01,5,Winter,Working day,Light rain / snow,29,29,0,2,0.33,0.795
2012-01,5,Winter,Working day,Mist / cloudy,178,178,0,8,0.265,0.785
2012-01,6,Winter,Weekend / holiday,Clear,61,56,5,7,0.2086,0.6043
2012-01,6,Winter,Weekend / holiday,Light rain / snow,1,1,0,1,0.16,0.93
2012-01,6,Winter,Weekend / holiday,Mist / cloudy,14,13,1,3,0.2,0.5867
2012-01,6,Winter,Working day,Clear,732,725,7,9,0.2,0.5611
2012-01,6,Winter,Working day,Light rain / snow,146,145,1,2,0.33,0.84
2012-01,6,Winter,Working day,Mist / cloudy,679,666,13,9,0.2556,0.8178
2012-01,7,Winter,Weekend / holiday,Clear,160,148,12,8,0.1875,0.6025
2012-01,7,Winter,Weekend / holiday,Light rain / snow,13,10,3,1,0.16,0.93
2012-01,7,Winter,Weekend / holiday,Mist / cloudy,37,34,3,2,0.23,0.63
2012-01,7,Winter,Working day,Clear,2170,2126,44,10,0.2,0.587
2012-01,7,Winter,Working day,Light rain / snow,248,235,13,2,0.25,0.835
2012-01,7,Winter,Working day,Mist / cloudy,1707,1666,41,8,0.275,0.81
2012-01,8,Winter,Weekend / holiday,Clear,555,519,36,9,0.1956,0.5944
2012-01,8,Winter,Weekend / holiday,Mist / cloudy,57,51,6,2,0.16,0.835
2012-01,8,Winter,Working day,Clear,5397,5271,126,12,0.21,0.6092
2012-01,8,Winter,Working day,Light rain / snow,585,563,22,3,0.3333,0.85
2012-01,8,Winter,Working day,Mist / cloudy,2299,2242,57,5,0.24,0.794
2012-01,9,Winter,Weekend / holiday,Clear,899,788,111,9,0.2,0.6067
2012-01,9,Winter,Weekend / holiday,Mist / cloudy,105,94,11,2,0.16,0.835
2012-01,9,Winter,Working day,Clear,2388,2263,125,11,0.2127,0.5591
2012-01,9,Winter,Working day,Light rain / snow,175,162,13,2,0.41,0.845
2012-01,9,Winter,Working day,Mist / cloudy,1584,1508,76,7,0.2343,0.8086
2012-01,10,Winter,Weekend / holiday,Clear,1247,1049,198,8,0.2475,0.5575
2012-01,10,Winter,Weekend / holiday,Light rain / snow,45,45,0,1,0.16,0.93
2012-01,10,Winter,Weekend / holiday,Mist / cloudy,255,227,28,2,0.15,0.665
2012-01,10,Winter,Working day,Clear,943,855,88,10,0.228,0.577
2012-01,10,Winter,Working day,Light rain / snow,188,178,10,2,0.39,0.935
2012-01,10,Winter,Working day,Mist / cloudy,905,793,112,8,0.245,0.7213
2012-01,11,Winter,Weekend / holiday,Clear,1966,1582,384,9,0.2667,0.4933
2012-01,11,Winter,Weekend / holiday,Light rain / snow,133,115,18,1,0.16,0.8
2012-01,11,Winter,Weekend / holiday,Mist / cloudy,63,62,1,1,0.18,0.86
2012-01,11,Winter,Working day,Clear,1116,1010,106,10,0.29,0.477
2012-01,11,Winter,Working day,Mist / cloudy,985,860,125,10,0.276,0.72
2012-01,12,Winter,Weekend / holiday,Clear,2370,1858,512,9,0.2978,0.4522
2012-01,12,Winter,Weekend / holiday,Mist / cloudy,252,223,29,2,0.18,0.8
2012-01,12,Winter,Working day,Clear,1647,1487,160,11,0.3018,0.4727
2012-01,12,Winter,Working day,Light rain / snow,55,51,4,1,0.3,0.81
2012-01,12,Winter,Working day,Mist / cloudy,948,843,105,8,0.285,0.7075
2012-01,13,Winter,Weekend / holiday,Clear,2320,1750,570,8,0.33,0.42
2012-01,13,Winter,Weekend / holiday,Mist / cloudy,503,443,60,3,0.2,0.67
2012-01,13,Winter,Working day,Clear,2266,2009,257,14,0.3357,0.4643
2012-01,13,Winter,Working day,Light rain / snow,102,89,13,2,0.27,0.845
2012-01,13,Winter,Working day,Mist / cloudy,447,410,37,4,0.29,0.615
2012-01,14,Winter,Weekend / holiday,Clear,2500,1865,635,9,0.3356,0.4056
2012-01,14,Winter,Weekend / holiday,Light rain / snow,95,89,6,1,0.2,0.8
2012-01,14,Winter,Weekend / holiday,Mist / cloudy,182,163,19,1,0.16,0.8
2012-01,14,Winter,Working day,Clear,1905,1637,268,14,0.3614,0.4593
2012-01,14,Winter,Working day,Light rain / snow,184,163,21,3,0.2533,0.83
2012-01,14,Winter,Working day,Mist / cloudy,318,288,30,3,0.2533,0.5067
2012-01,15,Winter,Weekend / holiday,Clear,2556,1948,608,9,0.3556,0.3822
2012-01,15,Winter,Weekend / holiday,Light rain / snow,119,113,6,1,0.2,0.8
2012-01,15,Winter,Weekend / holiday,Mist / cloudy,176,149,27,1,0.16,0.8
2012-01,15,Winter,Working day,Clear,1933,1696,237,13,0.3738,0.4054
2012-01,15,Winter,Working day,Light rain / snow,69,64,5,1,0.22,0.75
2012-01,15,Winter,Working day,Mist / cloudy,771,660,111,6,0.2967,0.6683
2012-01,16,Winter,Weekend / holiday,Clear,1788,1454,334,7,0.3086,0.3543
2012-01,16,Winter,Weekend / holiday,Mist / cloudy,889,671,218,4,0.34,0.6275
2012-01,16,Winter,Working day,Clear,3288,2995,293,14,0.3743,0.425
2012-01,16,Winter,Working day,Light rain / snow,49,46,3,1,0.22,0.87
2012-01,16,Winter,Working day,Mist / cloudy,769,715,54,5,0.272,0.656
2012-01,17,Winter,Weekend / holiday,Clear,1379,1201,178,7,0.3057,0.3629
2012-01,17,Winter,Weekend / holiday,Mist / cloudy,647,509,138,4,0.345,0.6275
2012-01,17,Winter,Working day,Clear,5220,4975,245,12,0.3817,0.4242
2012-01,17,Winter,Working day,Light rain / snow,286,275,11,2,0.28,0.87
2012-01,17,Winter,Working day,Mist / cloudy,2116,2036,80,6,0.2833,0.5283
2012-01,18,Winter,Weekend / holiday,Clear,1457,1285,172,8,0.32,0.3875
2012-01,18,Winter,Weekend / holiday,Light rain / snow,227,191,36,2,0.31,0.725
2012-01,18,Winter,Weekend / holiday,Mist / cloudy,110,107,3,1,0.2,0.75
2012-01,18,Winter,Working day,Clear,5108,4896,212,13,0.3677,0.4277
2012-01,18,Winter,Working day,Heavy rain / snow,164,158,6,1,0.2,0.86
2012-01,18,Winter,Working day,Light rain / snow,98,96,2,1,0.34,0.87
2012-01,18,Winter,Working day,Mist / cloudy,1639,1590,49,5,0.264,0.558
2012-01,19,Winter,Weekend / holiday,Clear,935,834,101,7,0.2886,0.4257
2012-01,19,Winter,Weekend / holiday,Light rain / snow,194,165,29,2,0.29,0.765
2012-01,19,Winter,Weekend / holiday,Mist / cloudy,291,258,33,2,0.3,0.605
2012-01,19,Winter,Working day,Clear,2960,2841,119,11,0.3491,0.4127
2012-01,19,Winter,Working day,Light rain / snow,283,279,4,2,0.26,0.93
2012-01,19,Winter,Working day,Mist / cloudy,1789,1734,55,7,0.2971,0.5971
2012-01,20,Winter,Weekend / holiday,Clear,903,832,71,8,0.295,0.4338
2012-01,20,Winter,Weekend / holiday,Light rain / snow,74,69,5,1,0.16,0.86
2012-01,20,Winter,Weekend / holiday,Mist / cloudy,150,120,30,2,0.31,0.71
2012-01,20,Winter,Working day,Clear,2383,2278,105,13,0.3108,0.5046
2012-01,20,Winter,Working day,Light rain / snow,57,55,2,1,0.32,0.93
2012-01,20,Winter,Working day,Mist / cloudy,1030,995,35,6,0.28,0.6883
2012-01,21,Winter,Weekend / holiday,Clear,686,624,62,8,0.2725,0.4637
2012-01,21,Winter,Weekend / holiday,Light rain / snow,44,36,8,1,0.16,0.86
2012-01,21,Winter,Weekend / holiday,Mist / cloudy,137,124,13,2,0.34,0.54
2012-01,21,Winter,Working day,Clear,1955,1835,120,14,0.3171,0.52
2012-01,21,Winter,Working day,Light rain / snow,29,29,0,1,0.34,0.87
2012-01,21,Winter,Working day,Mist / cloudy,585,561,24,5,0.252,0.7
2012-01,22,Winter,Weekend / holiday,Clear,526,474,52,7,0.3086,0.4243
2012-01,22,Winter,Weekend / holiday,Mist / cloudy,199,189,10,4,0.215,0.65
2012-01,22,Winter,Working day,Clear,1441,1337,104,14,0.3071,0.5914
2012-01,22,Winter,Working day,Light rain / snow,49,49,0,1,0.34,0.87
2012-01,22,Winter,Working day,Mist / cloudy,344,327,17,5,0.224,0.64
2012-01,23,Winter,Weekend / holiday,Clear,427,387,40,8,0.285,0.4288
2012-01,23,Winter,Weekend / holiday,Light rain / snow,28,28,0,1,0.26,0.7
2012-01,23,Winter,Weekend / holiday,Mist / cloudy,89,86,3,2,0.16,0.865
2012-01,23,Winter,Working day,Clear,807,742,65,13,0.2892,0.5846
2012-01,23,Winter,Working day,Light rain / snow,47,44,3,2,0.25,0.755
2012-01,23,Winter,Working day,Mist / cloudy,278,267,11,5,0.276,0.742
2012-02,0,Winter,Weekend / holiday,Clear,303,276,27,4,0.3,0.49
2012-02,0,Winter,Weekend / holiday,Light rain / snow,21,21,0,1,0.1,0.68
2012-02,0,Winter,Weekend / holiday,Mist / cloudy,229,209,20,4,0.28,0.7075
2012-02,0,Winter,Working day,Clear,305,277,28,13,0.3154,0.5708
2012-02,0,Winter,Working day,Mist / cloudy,228,194,34,7,0.3229,0.6771
2012-02,1,Winter,Weekend / holiday,Clear,189,173,16,4,0.29,0.5125
2012-02,1,Winter,Weekend / holiday,Light rain / snow,69,67,2,2,0.18,0.8
2012-02,1,Winter,Weekend / holiday,Mist / cloudy,138,120,18,3,0.2667,0.73
2012-02,1,Winter,Working day,Clear,117,99,18,13,0.3046,0.5854
2012-02,1,Winter,Working day,Mist / cloudy,86,74,12,7,0.3257,0.6857
2012-02,2,Winter,Weekend / holiday,Clear,169,151,18,4,0.275,0.55
2012-02,2,Winter,Weekend / holiday,Light rain / snow,26,24,2,1,0.26,0.81
2012-02,2,Winter,Weekend / holiday,Mist / cloudy,158,149,9,4,0.22,0.685
2012-02,2,Winter,Working day,Clear,67,57,10,14,0.2843,0.6014
2012-02,2,Winter,Working day,Light rain / snow,5,4,1,1,0.42,0.77
2012-02,2,Winter,Working day,Mist / cloudy,40,31,9,5,0.348,0.666
2012-02,3,Winter,Weekend / holiday,Clear,64,60,4,4,0.265,0.565
2012-02,3,Winter,Weekend / holiday,Light rain / snow,26,22,4,2,0.24,0.87
2012-02,3,Winter,Weekend / holiday,Mist / cloudy,37,34,3,3,0.2133,0.5433
2012-02,3,Winter,Working day,Clear,36,36,0,11,0.2909,0.6264
2012-02,3,Winter,Working day,Light rain / snow,6,4,2,1,0.44,0.67
2012-02,3,Winter,Working day,Mist / cloudy,13,11,2,6,0.3167,0.69
2012-02,4,Winter,Weekend / holiday,Clear,21,16,5,4,0.26,0.585
2012-02,4,Winter,Weekend / holiday,Light rain / snow,4,4,0,1,0.24,0.87
2012-02,4,Winter,Weekend / holiday,Mist / cloudy,13,13,0,3,0.2067,0.58
2012-02,4,Winter,Working day,Clear,21,21,0,13,0.28,0.6615
2012-02,4,Winter,Working day,Light rain / snow,4,4,0,2,0.35,0.76
2012-02,4,Winter,Working day,Mist / cloudy,7,7,0,4,0.265,0.7575
2012-02,5,Winter,Weekend / holiday,Clear,13,12,1,4,0.2,0.61
2012-02,5,Winter,Weekend / holiday,Light rain / snow,6,6,0,2,0.24,0.87
2012-02,5,Winter,Weekend / holiday,Mist / cloudy,11,10,1,3,0.2667,0.5
2012-02,5,Winter,Working day,Clear,307,303,4,15,0.2627,0.6507
2012-02,5,Winter,Working day,Light rain / snow,19,19,0,1,0.4,0.82
2012-02,5,Winter,Working day,Mist / cloudy,84,81,3,4,0.31,0.7875
2012-02,6,Winter,Weekend / holiday,Clear,33,30,3,6,0.21,0.59
2012-02,6,Winter,Weekend / holiday,Light rain / snow,9,8,1,1,0.22,0.93
2012-02,6,Winter,Weekend / holiday,Mist / cloudy,17,16,1,2,0.28,0.56
2012-02,6,Winter,Working day,Clear,1025,1002,23,12,0.245,0.665
2012-02,6,Winter,Working day,Light rain / snow,141,140,1,2,0.38,0.72
2012-02,6,Winter,Working day,Mist / cloudy,532,517,15,6,0.2933,0.7567
2012-02,7,Winter,Weekend / holiday,Clear,104,91,13,4,0.2,0.5475
2012-02,7,Winter,Weekend / holiday,Light rain / snow,19,19,0,1,0.22,0.93
2012-02,7,Winter,Weekend / holiday,Mist / cloudy,102,97,5,4,0.235,0.6725
2012-02,7,Winter,Working day,Clear,2963,2893,70,11,0.24,0.64
2012-02,7,Winter,Working day,Light rain / snow,413,402,11,2,0.37,0.775
2012-02,7,Winter,Working day,Mist / cloudy,1921,1884,37,7,0.2886,0.7357
2012-02,8,Winter,Weekend / holiday,Clear,490,462,28,6,0.2,0.6417
2012-02,8,Winter,Weekend / holiday,Light rain / snow,78,77,1,1,0.22,0.93
2012-02,8,Winter,Weekend / holiday,Mist / cloudy,118,106,12,2,0.24,0.655
2012-02,8,Winter,Working day,Clear,5965,5858,107,12,0.2383,0.6475
2012-02,8,Winter,Working day,Light rain / snow,965,941,24,2,0.38,0.8
2012-02,8,Winter,Working day,Mist / cloudy,2624,2576,48,6,0.2833,0.7683
2012-02,9,Winter,Weekend / holiday,Clear,555,491,64,5,0.196,0.632
2012-02,9,Winter,Weekend / holiday,Light rain / snow,212,192,20,2,0.22,0.84
2012-02,9,Winter,Weekend / holiday,Mist / cloudy,185,156,29,2,0.24,0.63
2012-02,9,Winter,Working day,Clear,2958,2841,117,12,0.2517,0.625
2012-02,9,Winter,Working day,Light rain / snow,510,475,35,3,0.3467,0.83
2012-02,9,Winter,Working day,Mist / cloudy,1276,1242,34,5,0.284,0.734
2012-02,10,Winter,Weekend / holiday,Clear,1034,866,168,6,0.2267,0.61
2012-02,10,Winter,Weekend / holiday,Light rain / snow,166,143,23,1,0.22,0.93
2012-02,10,Winter,Weekend / holiday,Mist / cloudy,339,280,59,2,0.26,0.585
2012-02,10,Winter,Working day,Clear,1506,1321,185,13,0.3,0.5869
2012-02,10,Winter,Working day,Light rain / snow,273,243,30,4,0.35,0.7725
2012-02,10,Winter,Working day,Mist / cloudy,330,316,14,3,0.26,0.5933
2012-02,11,Winter,Weekend / holiday,Clear,1325,1063,262,6,0.2633,0.495
2012-02,11,Winter,Weekend / holiday,Mist / cloudy,591,461,130,3,0.2533,0.69
2012-02,11,Winter,Working day,Clear,1640,1451,189,12,0.3383,0.52
2012-02,11,Winter,Working day,Light rain / snow,186,177,9,3,0.34,0.7967
2012-02,11,Winter,Working day,Mist / cloudy,616,555,61,5,0.292,0.612
2012-02,12,Winter,Weekend / holiday,Clear,1353,1063,290,5,0.28,0.39
2012-02,12,Winter,Weekend / holiday,Mist / cloudy,1024,863,161,4,0.275,0.67
2012-02,12,Winter,Working day,Clear,2293,2079,214,13,0.3754,0.4815
2012-02,12,Winter,Working day,Light rain / snow,115,113,2,2,0.32,0.845
2012-02,12,Winter,Working day,Mist / cloudy,877,802,75,5,0.316,0.582
2012-02,13,Winter,Weekend / holiday,Clear,1646,1235,411,6,0.3,0.4017
2012-02,13,Winter,Weekend / holiday,Mist / cloudy,811,702,109,3,0.28,0.7067
2012-02,13,Winter,Working day,Clear,2289,2062,227,13,0.3923,0.4138
2012-02,13,Winter,Working day,Light rain / snow,64,62,2,1,0.34,0.71
2012-02,13,Winter,Working day,Mist / cloudy,887,797,90,6,0.3567,0.64
2012-02,14,Winter,Weekend / holiday,Clear,1591,1199,392,6,0.3133,0.3867
2012-02,14,Winter,Weekend / holiday,Mist / cloudy,756,623,133,3,0.3,0.64
2012-02,14,Winter,Working day,Clear,2149,1869,280,14,0.4243,0.4021
2012-02,14,Winter,Working day,Light rain / snow,31,30,1,1,0.32,0.81
2012-02,14,Winter,Working day,Mist / cloudy,465,426,39,5,0.352,0.616
2012-02,15,Winter,Weekend / holiday,Clear,1528,1147,381,5,0.32,0.346
2012-02,15,Winter,Weekend / holiday,Mist / cloudy,954,741,213,4,0.305,0.58
2012-02,15,Winter,Working day,Clear,2494,2143,351,14,0.4386,0.3679
2012-02,15,Winter,Working day,Light rain / snow,201,182,19,3,0.3467,0.7467
2012-02,15,Winter,Working day,Mist / cloudy,426,389,37,3,0.38,0.55
2012-02,16,Winter,Weekend / holiday,Clear,1678,1281,397,6,0.33,0.3683
2012-02,16,Winter,Weekend / holiday,Light rain / snow,146,134,12,1,0.22,0.75
2012-02,16,Winter,Weekend / holiday,Mist / cloudy,355,273,82,2,0.33,0.53
2012-02,16,Winter,Working day,Clear,4048,3714,334,15,0.444,0.3567
2012-02,16,Winter,Working day,Light rain / snow,538,511,27,4,0.35,0.8275
2012-02,16,Winter,Working day,Mist / cloudy,268,240,28,1,0.34,0.42
2012-02,17,Winter,Weekend / holiday,Clear,1456,1190,266,6,0.3367,0.3633
2012-02,17,Winter,Weekend / holiday,Light rain / snow,211,185,26,2,0.26,0.695
2012-02,17,Winter,Weekend / holiday,Mist / cloudy,157,135,22,1,0.3,0.49
2012-02,17,Winter,Working day,Clear,7327,6961,366,15,0.44,0.354
2012-02,17,Winter,Working day,Light rain / snow,700,670,30,3,0.3333,0.8933
2012-02,17,Winter,Working day,Mist / cloudy,649,627,22,2,0.37,0.645
2012-02,18,Winter,Weekend / holiday,Clear,1114,979,135,6,0.3167,0.38
2012-02,18,Winter,Weekend / holiday,Light rain / snow,64,58,6,1,0.28,0.75
2012-02,18,Winter,Weekend / holiday,Mist / cloudy,275,249,26,2,0.26,0.48
2012-02,18,Winter,Working day,Clear,5866,5682,184,13,0.4215,0.3638
2012-02,18,Winter,Working day,Light rain / snow,1071,1034,37,4,0.32,0.805
2012-02,18,Winter,Working day,Mist / cloudy,1231,1170,61,3,0.4267,0.6033
2012-02,19,Winter,Weekend / holiday,Clear,801,722,79,6,0.3067,0.395
2012-02,19,Winter,Weekend / holiday,Light rain / snow,80,75,5,1,0.26,0.87
2012-02,19,Winter,Weekend / holiday,Mist / cloudy,206,186,20,2,0.25,0.46
2012-02,19,Winter,Working day,Clear,4022,3861,161,13,0.4,0.3908
2012-02,19,Winter,Working day,Light rain / snow,161,158,3,1,0.24,0.87
2012-02,19,Winter,Working day,Mist / cloudy,1463,1404,59,6,0.3833,0.6883
2012-02,20,Winter,Weekend / holiday,Clear,574,517,57,6,0.2967,0.4133
2012-02,20,Winter,Weekend / holiday,Light rain / snow,77,73,4,1,0.24,0.93
2012-02,20,Winter,Weekend / holiday,Mist / cloudy,166,143,23,2,0.23,0.475
2012-02,20,Winter,Working day,Clear,2934,2823,111,14,0.3871,0.4457
2012-02,20,Winter,Working day,Light rain / snow,222,217,5,2,0.33,0.875
2012-02,20,Winter,Working day,Mist / cloudy,825,782,43,4,0.365,0.5925
2012-02,21,Winter,Weekend / holiday,Clear,530,473,57,7,0.2629,0.42
2012-02,21,Winter,Weekend / holiday,Light rain / snow,114,107,7,2,0.25,0.79
2012-02,21,Winter,Working day,Clear,2401,2260,141,14,0.3686,0.4864
2012-02,21,Winter,Working day,Light rain / snow,168,165,3,2,0.33,0.875
2012-02,21,Winter,Working day,Mist / cloudy,615,575,40,4,0.375,0.575
2012-02,22,Winter,Weekend / holiday,Clear,552,510,42,6,0.2733,0.4467
2012-02,22,Winter,Weekend / holiday,Light rain / snow,55,47,8,1,0.24,0.75
2012-02,22,Winter,Weekend / holiday,Mist / cloudy,141,137,4,2,0.19,0.63
2012-02,22,Winter,Working day,Clear,1325,1238,87,12,0.3633,0.5008
2012-02,22,Winter,Working day,Light rain / snow,55,53,2,1,0.42,0.94
2012-02,22,Winter,Working day,Mist / cloudy,753,707,46,7,0.3314,0.6543
2012-02,23,Winter,Weekend / holiday,Clear,246,230,16,5,0.236,0.498
2012-02,23,Winter,Weekend / holiday,Light rain / snow,20,20,0,1,0.12,0.5
2012-02,23,Winter,Weekend / holiday,Mist / cloudy,179,158,21,3,0.2733,0.7333
2012-02,23,Winter,Working day,Clear,920,836,84,14,0.3457,0.5564
2012-02,23,Winter,Working day,Light rain / snow,33,30,3,1,0.42,0.94
2012-02,23,Winter,Working day,Mist / cloudy,328,308,20,5,0.332,0.6
2012-03,0,Spring,Weekend / holiday,Clear,248,191,57,2,0.48,0.75
2012-03,0,Spring,Weekend / holiday,Mist / cloudy,80,62,18,1,0.44,0.94
2012-03,0,Spring,Working day,Clear,316,251,65,7,0.46,0.6214
2012-03,0,Spring,Working day,Mist / cloudy,33,23,10,1,0.48,0.82
2012-03,0,Winter,Weekend / holiday,Clear,253,210,43,3,0.34,0.56
2012-03,0,Winter,Weekend / holiday,Light rain / snow,22,21,1,1,0.36,0.93
2012-03,0,Winter,Weekend / holiday,Mist / cloudy,172,154,18,2,0.42,0.62
2012-03,0,Winter,Working day,Clear,335,283,52,10,0.39,0.583
2012-03,0,Winter,Working day,Mist / cloudy,120,106,14,4,0.53,0.6825
2012-03,1,Spring,Weekend / holiday,Clear,128,108,20,1,0.56,0.73
2012-03,1,Spring,Weekend / holiday,Mist / cloudy,171,130,41,2,0.41,0.88
2012-03,1,Spring,Working day,Clear,207,131,76,8,0.4575,0.6475
2012-03,1,Winter,Weekend / holiday,Clear,225,195,30,3,0.3333,0.5667
2012-03,1,Winter,Weekend / holiday,Light rain / snow,44,44,0,1,0.36,0.93
2012-03,1,Winter,Weekend / holiday,Mist / cloudy,145,117,28,2,0.41,0.64
2012-03,1,Winter,Working day,Clear,148,114,34,10,0.394,0.613
2012-03,1,Winter,Working day,Light rain / snow,38,34,4,2,0.51,0.73
2012-03,1,Winter,Working day,Mist / cloudy,42,36,6,2,0.47,0.705
2012-03,2,Spring,Weekend / holiday,Clear,69,55,14,1,0.54,0.77
2012-03,2,Spring,Weekend / holiday,Light rain / snow,35,29,6,1,0.42,1.0
2012-03,2,Spring,Weekend / holiday,Mist / cloudy,69,55,14,1,0.42,0.77
2012-03,2,Spring,Working day,Clear,91,60,31,8,0.4475,0.6338
2012-03,2,Winter,Weekend / holiday,Clear,42,30,12,1,0.26,0.41
2012-03,2,Winter,Weekend / holiday,Light rain / snow,38,34,4,1,0.36,0.93
2012-03,2,Winter,Weekend / holiday,Mist / cloudy,178,139,39,3,0.42,0.7
2012-03,2,Winter,Working day,Clear,77,47,30,10,0.392,0.621
2012-03,2,Winter,Working day,Light rain / snow,12,10,2,2,0.5,0.745
2012-03,2,Winter,Working day,Mist / cloudy,10,10,0,2,0.44,0.88
2012-03,3,Spring,Weekend / holiday,Clear,63,43,20,2,0.47,0.795
2012-03,3,Spring,Weekend / holiday,Light rain / snow,18,10,8,1,0.42,0.94
2012-03,3,Spring,Working day,Clear,39,33,6,7,0.4314,0.5914
2012-03,3,Spring,Working day,Mist / cloudy,8,7,1,1,0.5,0.88
2012-03,3,Winter,Weekend / holiday,Clear,82,67,15,2,0.25,0.505
2012-03,3,Winter,Weekend / holiday,Mist / cloudy,91,80,11,4,0.4,0.78
2012-03,3,Winter,Working day,Clear,36,34,2,11,0.3818,0.6564
2012-03,3,Winter,Working day,Light rain / snow,2,2,0,1,0.52,0.72
2012-03,3,Winter,Working day,Mist / cloudy,6,6,0,2,0.47,0.875
2012-03,4,Spring,Weekend / holiday,Clear,15,10,5,2,0.47,0.8
2012-03,4,Spring,Weekend / holiday,Mist / cloudy,8,7,1,1,0.42,0.94
2012-03,4,Spring,Working day,Clear,19,16,3,5,0.38,0.492
2012-03,4,Spring,Working day,Mist / cloudy,13,13,0,3,0.4933,0.94
2012-03,4,Winter,Weekend / holiday,Clear,26,18,8,2,0.24,0.505
2012-03,4,Winter,Weekend / holiday,Mist / cloudy,32,23,9,4,0.385,0.8175
2012-03,4,Winter,Working day,Clear,41,29,12,10,0.36,0.687
2012-03,4,Winter,Working day,Light rain / snow,1,1,0,1,0.4,0.66
2012-03,4,Winter,Working day,Mist / cloudy,10,10,0,3,0.46,0.8567
2012-03,5,Spring,Weekend / holiday,Clear,5,5,0,1,0.4,0.82
2012-03,5,Spring,Weekend / holiday,Mist / cloudy,10,10,0,2,0.46,0.915
2012-03,5,Spring,Working day,Clear,151,146,5,5,0.368,0.526
2012-03,5,Spring,Working day,Mist / cloudy,107,96,11,3,0.4933,0.94
2012-03,5,Winter,Weekend / holiday,Clear,17,12,5,2,0.23,0.51
2012-03,5,Winter,Weekend / holiday,Mist / cloudy,21,15,6,4,0.38,0.8175
2012-03,5,Winter,Working day,Clear,232,225,7,10,0.354,0.701
2012-03,5,Winter,Working day,Light rain / snow,29,27,2,1,0.4,0.66
2012-03,5,Winter,Working day,Mist / cloudy,76,74,2,3,0.46,0.8767
2012-03,6,Spring,Weekend / holiday,Mist / cloudy,69,53,16,3,0.4267,0.9
2012-03,6,Spring,Working day,Clear,536,512,24,5,0.356,0.562
2012-03,6,Spring,Working day,Mist / cloudy,401,375,26,3,0.4867,0.94
2012-03,6,Winter,Weekend / holiday,Clear,22,19,3,2,0.23,0.57
2012-03,6,Winter,Weekend / holiday,Mist / cloudy,53,49,4,4,0.37,0.8325
2012-03,6,Winter,Working day,Clear,948,922,26,9,0.3378,0.6856
2012-03,6,Winter,Working day,Light rain / snow,113,108,5,1,0.46,0.82
2012-03,6,Winter,Working day,Mist / cloudy,393,380,13,4,0.435,0.8125
2012-03,7,Spring,Weekend / holiday,Mist / cloudy,153,109,44,3,0.42,0.8967
2012-03,7,Spring,Working day,Clear,1670,1613,57,5,0.36,0.526
2012-03,7,Spring,Working day,Light rain / snow,372,338,34,1,0.48,0.94
2012-03,7,Spring,Working day,Mist / cloudy,707,650,57,2,0.49,0.965
2012-03,7,Winter,Weekend / holiday,Clear,57,51,6,2,0.22,0.565
2012-03,7,Winter,Weekend / holiday,Light rain / snow,42,25,17,1,0.42,0.88
2012-03,7,Winter,Weekend / holiday,Mist / cloudy,125,92,33,3,0.3533,0.8167
2012-03,7,Winter,Working day,Clear,2846,2742,104,9,0.3333,0.69
2012-03,7,Winter,Working day,Light rain / snow,170,167,3,1,0.52,0.94
2012-03,7,Winter,Working day,Mist / cloudy,1158,1115,43,4,0.42,0.7575
2012-03,8,Spring,Weekend / holiday,Mist / cloudy,388,307,81,3,0.42,0.9167
2012-03,8,Spring,Working day,Clear,3143,3014,129,5,0.364,0.516
2012-03,8,Spring,Working day,Light rain / snow,535,502,33,1,0.48,0.94
2012-03,8,Spring,Working day,Mist / cloudy,1311,1213,98,2,0.5,0.94
2012-03,8,Winter,Weekend / holiday,Clear,249,218,31,3,0.2467,0.55
2012-03,8,Winter,Weekend / holiday,Light rain / snow,48,46,2,1,0.36,0.93
2012-03,8,Winter,Weekend / holiday,Mist / cloudy,314,226,88,2,0.42,0.91
2012-03,8,Winter,Working day,Clear,6244,6052,192,11,0.3564,0.7409
2012-03,8,Winter,Working day,Mist / cloudy,1579,1506,73,3,0.42,0.7233
2012-03,9,Spring,Weekend / holiday,Mist / cloudy,590,406,184,3,0.44,0.8433
2012-03,9,Spring,Working day,Clear,1505,1393,112,5,0.384,0.466
2012-03,9,Spring,Working day,Mist / cloudy,991,837,154,3,0.5067,0.9067
2012-03,9,Winter,Weekend / holiday,Clear,356,301,55,3,0.2667,0.5
2012-03,9,Winter,Weekend / holiday,Light rain / snow,94,87,7,1,0.38,0.87
2012-03,9,Winter,Weekend / holiday,Mist / cloudy,499,330,169,2,0.43,0.88
2012-03,9,Winter,Working day,Clear,3018,2806,212,10,0.41,0.691
2012-03,9,Winter,Working day,Mist / cloudy,1118,1014,104,4,0.38,0.68
2012-03,10,Spring,Weekend / holiday,Mist / cloudy,908,574,334,3,0.44,0.8367
2012-03,10,Spring,Working day,Clear,630,480,150,4,0.42,0.3975
2012-03,10,Spring,Working day,Mist / cloudy,758,521,237,4,0.485,0.82
2012-03,10,Winter,Weekend / holiday,Clear,633,484,149,3,0.2933,0.4433
2012-03,10,Winter,Weekend / holiday,Mist / cloudy,962,652,310,3,0.44,0.84
2012-03,10,Winter,Working day,Clear,1658,1339,319,11,0.4582,0.6164
2012-03,10,Winter,Working day,Mist / cloudy,425,355,70,3,0.3267,0.61
2012-03,11,Spring,Weekend / holiday,Clear,463,279,184,1,0.46,0.72
2012-03,11,Spring,Weekend / holiday,Mist / cloudy,596,392,204,2,0.45,0.94
2012-03,11,Spring,Working day,Clear,795,606,189,4,0.445,0.3725
2012-03,11,Spring,Working day,Mist / cloudy,930,660,270,4,0.505,0.7575
2012-03,11,Winter,Weekend / holiday,Clear,829,619,210,3,0.3267,0.4033
2012-03,11,Winter,Weekend / holiday,Mist / cloudy,1167,779,388,3,0.4533,0.82
2012-03,11,Winter,Working day,Clear,1664,1259,405,9,0.4778,0.5511
2012-03,11,Winter,Working day,Mist / cloudy,921,734,187,5,0.444,0.536
2012-03,12,Spring,Weekend / holiday,Clear,621,358,263,1,0.48,0.67
2012-03,12,Spring,Weekend / holiday,Light rain / snow,183,122,61,1,0.52,0.94
2012-03,12,Spring,Weekend / holiday,Mist / cloudy,360,238,122,1,0.4,0.94
2012-03,12,Spring,Working day,Clear,791,630,161,3,0.4333,0.3533
2012-03,12,Spring,Working day,Mist / cloudy,1510,1093,417,5,0.532,0.638
2012-03,12,Winter,Weekend / holiday,Clear,1717,1126,591,4,0.4,0.45
2012-03,12,Winter,Weekend / holiday,Mist / cloudy,802,533,269,2,0.43,0.775
2012-03,12,Winter,Working day,Clear,2016,1651,365,9,0.4778,0.4822
2012-03,12,Winter,Working day,Mist / cloudy,1214,986,228,5,0.504,0.546
2012-03,13,Spring,Weekend / holiday,Clear,638,373,265,1,0.54,0.6
2012-03,13,Spring,Weekend / holiday,Light rain / snow,196,134,62,1,0.52,0.94
2012-03,13,Spring,Weekend / holiday,Mist / cloudy,367,257,110,1,0.42,0.88
2012-03,13,Spring,Working day,Clear,1356,1038,318,5,0.488,0.442
2012-03,13,Spring,Working day,Light rain / snow,242,198,44,1,0.4,0.5
2012-03,13,Spring,Working day,Mist / cloudy,731,478,253,2,0.62,0.655
2012-03,13,Winter,Weekend / holiday,Clear,2210,1464,746,5,0.428,0.436
2012-03,13,Winter,Weekend / holiday,Mist / cloudy,544,346,198,1,0.46,0.82
2012-03,13,Winter,Working day,Clear,1836,1483,353,8,0.535,0.4688
2012-03,13,Winter,Working day,Mist / cloudy,1360,1077,283,6,0.4833,0.4717
2012-03,14,Spring,Weekend / holiday,Light rain / snow,223,160,63,1,0.52,0.88
2012-03,14,Spring,Weekend / holiday,Mist / cloudy,965,602,363,2,0.47,0.755
2012-03,14,Spring,Working day,Clear,1117,811,306,5,0.52,0.42
2012-03,14,Spring,Working day,Light rain / snow,229,173,56,1,0.4,0.54
2012-03,14,Spring,Working day,Mist / cloudy,657,375,282,2,0.64,0.6
2012-03,14,Winter,Weekend / holiday,Clear,1902,1115,787,4,0.445,0.3625
2012-03,14,Winter,Weekend / holiday,Mist / cloudy,951,582,369,2,0.48,0.605
2012-03,14,Winter,Working day,Clear,1136,879,257,6,0.53,0.3517
2012-03,14,Winter,Working day,Mist / cloudy,1725,1296,429,8,0.545,0.51
2012-03,15,Spring,Weekend / holiday,Light rain / snow,290,172,118,1,0.5,0.94
2012-03,15,Spring,Weekend / holiday,Mist / cloudy,1026,612,414,2,0.48,0.735
2012-03,15,Spring,Working day,Clear,1034,715,319,4,0.51,0.3925
2012-03,15,Spring,Working day,Light rain / snow,280,207,73,1,0.42,0.54
2012-03,15,Spring,Working day,Mist / cloudy,914,608,306,3,0.6333,0.5367
2012-03,15,Winter,Weekend / holiday,Clear,2859,1702,1157,6,0.4767,0.3933
2012-03,15,Winter,Working day,Clear,2374,1776,598,10,0.59,0.358
2012-03,15,Winter,Working day,Light rain / snow,107,88,19,1,0.46,0.82
2012-03,15,Winter,Working day,Mist / cloudy,452,360,92,3,0.4467,0.5733
2012-03,16,Spring,Weekend / holiday,Clear,492,339,153,1,0.48,0.77
2012-03,16,Spring,Weekend / holiday,Light rain / snow,177,128,49,1,0.5,0.94
2012-03,16,Spring,Weekend / holiday,Mist / cloudy,535,292,243,1,0.5,0.63
2012-03,16,Spring,Working day,Clear,1801,1420,381,5,0.528,0.438
2012-03,16,Spring,Working day,Light rain / snow,588,462,126,2,0.51,0.525
2012-03,16,Spring,Working day,Mist / cloudy,589,370,219,1,0.72,0.42
2012-03,16,Winter,Weekend / holiday,Clear,2891,1737,1154,6,0.4833,0.3883
2012-03,16,Winter,Working day,Clear,3747,3105,642,11,0.5764,0.3782
2012-03,16,Winter,Working day,Light rain / snow,179,160,19,2,0.44,0.675
2012-03,16,Winter,Working day,Mist / cloudy,342,305,37,1,0.62,0.41
2012-03,17,Spring,Weekend / holiday,Clear,962,578,384,2,0.49,0.695
2012-03,17,Spring,Weekend / holiday,Light rain / snow,115,68,47,1,0.5,0.88
2012-03,17,Spring,Working day,Clear,4124,3565,559,6,0.5467,0.4533
2012-03,17,Spring,Working day,Mist / cloudy,1563,1206,357,2,0.56,0.52
2012-03,17,Winter,Weekend / holiday,Clear,2689,1707,982,6,0.4867,0.3633
2012-03,17,Winter,Working day,Clear,6463,5720,743,10,0.59,0.404
2012-03,17,Winter,Working day,Light rain / snow,773,734,39,3,0.38,0.6933
2012-03,17,Winter,Working day,Mist / cloudy,644,557,87,1,0.62,0.38
2012-03,18,Spring,Weekend / holiday,Clear,491,289,202,1,0.5,0.72
2012-03,18,Spring,Weekend / holiday,Light rain / snow,137,110,27,1,0.46,0.94
2012-03,18,Spring,Weekend / holiday,Mist / cloudy,341,239,102,1,0.44,0.72
2012-03,18,Spring,Working day,Clear,5620,4715,905,8,0.5425,0.4688
2012-03,18,Winter,Weekend / holiday,Clear,2192,1533,659,6,0.48,0.3817
2012-03,18,Winter,Working day,Clear,5827,5168,659,9,0.5756,0.42
2012-03,18,Winter,Working day,Light rain / snow,943,894,49,3,0.3733,0.7467
2012-03,18,Winter,Working day,Mist / cloudy,1302,1168,134,2,0.61,0.405
2012-03,19,Spring,Weekend / holiday,Clear,659,452,207,2,0.46,0.715
2012-03,19,Spring,Weekend / holiday,Light rain / snow,133,105,28,1,0.46,0.94
2012-03,19,Spring,Working day,Clear,4048,3421,627,8,0.53,0.4663
2012-03,19,Winter,Weekend / holiday,Clear,1568,1169,399,6,0.4567,0.4217
2012-03,19,Winter,Working day,Clear,3501,3166,335,9,0.5022,0.4711
2012-03,19,Winter,Working day,Light rain / snow,174,162,12,1,0.36,0.87
2012-03,19,Winter,Working day,Mist / cloudy,1583,1400,183,4,0.565,0.5675
2012-03,20,Spring,Weekend / holiday,Clear,259,196,63,1,0.48,0.77
2012-03,20,Spring,Weekend / holiday,Light rain / snow,111,80,31,1,0.44,1.0
2012-03,20,Spring,Weekend / holiday,Mist / cloudy,208,156,52,1,0.4,0.71
2012-03,20,Spring,Working day,Clear,2664,2278,386,8,0.515,0.4963
2012-03,20,Winter,Weekend / holiday,Clear,998,752,246,6,0.4267,0.4817
2012-03,20,Winter,Working day,Clear,2662,2386,276,10,0.476,0.517
2012-03,20,Winter,Working day,Mist / cloudy,1018,882,136,4,0.525,0.5975
2012-03,21,Spring,Weekend / holiday,Clear,149,124,25,1,0.48,0.77
2012-03,21,Spring,Weekend / holiday,Light rain / snow,104,88,16,1,0.44,1.0
2012-03,21,Spring,Weekend / holiday,Mist / cloudy,143,107,36,1,0.4,0.71
2012-03,21,Spring,Working day,Clear,2021,1744,277,8,0.485,0.5575
2012-03,21,Winter,Weekend / holiday,Clear,886,702,184,6,0.42,0.48
2012-03,21,Winter,Working day,Clear,2302,2042,260,11,0.48,0.5209
2012-03,21,Winter,Working day,Light rain / snow,101,99,2,1,0.36,0.87
2012-03,21,Winter,Working day,Mist / cloudy,357,327,30,2,0.49,0.75
2012-03,22,Spring,Weekend / holiday,Clear,111,92,19,1,0.46,0.82
2012-03,22,Spring,Weekend / holiday,Light rain / snow,83,71,12,1,0.44,1.0
2012-03,22,Spring,Weekend / holiday,Mist / cloudy,156,116,40,1,0.38,0.71
2012-03,22,Spring,Working day,Clear,1392,1161,231,8,0.4675,0.5887
2012-03,22,Winter,Weekend / holiday,Clear,701,562,139,6,0.4,0.5083
2012-03,22,Winter,Working day,Clear,1458,1288,170,10,0.44,0.54
2012-03,22,Winter,Working day,Mist / cloudy,504,448,56,4,0.48,0.775
2012-03,23,Spring,Weekend / holiday,Clear,65,56,9,1,0.48,0.82
2012-03,23,Spring,Weekend / holiday,Mist / cloudy,217,188,29,2,0.4,0.85
2012-03,23,Spring,Working day,Clear,874,700,174,8,0.465,0.5963
2012-03,23,Winter,Weekend / holiday,Clear,498,425,73,6,0.3867,0.525
2012-03,23,Winter,Working day,Clear,746,660,86,10,0.43,0.553
2012-03,23,Winter,Working day,Mist / cloudy,297,256,41,4,0.48,0.77
2012-04,0,Spring,Weekend / holiday,Clear,561,470,91,6,0.4667,0.4683
2012-04,0,Spring,Weekend / holiday,Light rain / snow,36,36,0,1,0.36,0.81
2012-04,0,Spring,Weekend / holiday,Mist / cloudy,308,238,70,3,0.4533,0.7133
2012-04,0,Spring,Working day,Clear,627,498,129,14,0.46,0.4757
2012-04,0,Spring,Working day,Light rain / snow,48,37,11,3,0.4067,0.8
2012-04,0,Spring,Working day,Mist / cloudy,82,78,4,3,0.4133,0.62
2012-04,1,Spring,Weekend / holiday,Clear,386,315,71,6,0.4567,0.4967
2012-04,1,Spring,Weekend / holiday,Mist / cloudy,283,238,45,4,0.43,0.7375
2012-04,1,Spring,Working day,Clear,283,228,55,15,0.436,0.524
2012-04,1,Spring,Working day,Light rain / snow,20,17,3,3,0.3933,0.84
2012-04,1,Spring,Working day,Mist / cloudy,30,28,2,2,0.4,0.645
2012-04,2,Spring,Weekend / holiday,Clear,332,279,53,7,0.4457,0.5357
2012-04,2,Spring,Weekend / holiday,Mist / cloudy,195,151,44,3,0.42,0.73
2012-04,2,Spring,Working day,Clear,129,96,33,15,0.4013,0.592
2012-04,2,Spring,Working day,Light rain / snow,5,3,2,1,0.44,0.94
2012-04,2,Spring,Working day,Mist / cloudy,32,25,7,4,0.43,0.6525
2012-04,3,Spring,Weekend / holiday,Clear,149,118,31,6,0.4267,0.5383
2012-04,3,Spring,Weekend / holiday,Mist / cloudy,126,95,31,4,0.415,0.7725
2012-04,3,Spring,Working day,Clear,70,60,10,15,0.388,0.61
2012-04,3,Spring,Working day,Mist / cloudy,17,15,2,4,0.43,0.6375
2012-04,4,Spring,Weekend / holiday,Clear,45,37,8,6,0.41,0.5917
2012-04,4,Spring,Weekend / holiday,Mist / cloudy,35,30,5,4,0.42,0.7425
2012-04,4,Spring,Working day,Clear,49,40,9,14,0.39,0.5979
2012-04,4,Spring,Working day,Light rain / snow,3,3,0,1,0.3,0.81
2012-04,4,Spring,Working day,Mist / cloudy,19,17,2,4,0.435,0.5625
2012-04,5,Spring,Weekend / holiday,Clear,81,65,16,8,0.41,0.6313
2012-04,5,Spring,Weekend / holiday,Mist / cloudy,24,16,8,2,0.39,0.79
2012-04,5,Spring,Working day,Clear,404,393,11,16,0.3787,0.6175
2012-04,5,Spring,Working day,Light rain / snow,14,14,0,1,0.3,0.81
2012-04,5,Spring,Working day,Mist / cloudy,72,70,2,3,0.44,0.5167
2012-04,6,Spring,Weekend / holiday,Clear,283,237,46,8,0.4025,0.6412
2012-04,6,Spring,Weekend / holiday,Mist / cloudy,109,94,15,2,0.4,0.74
2012-04,6,Spring,Working day,Clear,1642,1586,56,15,0.3627,0.5747
2012-04,6,Spring,Working day,Mist / cloudy,552,529,23,5,0.42,0.646
2012-04,7,Spring,Weekend / holiday,Clear,719,618,101,7,0.4171,0.5829
2012-04,7,Spring,Weekend / holiday,Light rain / snow,24,22,2,1,0.42,0.77
2012-04,7,Spring,Weekend / holiday,Mist / cloudy,111,75,36,2,0.35,0.79
2012-04,7,Spring,Working day,Clear,5148,4963,185,15,0.3627,0.5873
2012-04,7,Spring,Working day,Light rain / snow,432,428,4,2,0.38,0.815
2012-04,7,Spring,Working day,Mist / cloudy,1190,1153,37,3,0.4467,0.61
2012-04,8,Spring,Weekend / holiday,Clear,930,723,207,7,0.4143,0.5586
2012-04,8,Spring,Weekend / holiday,Light rain / snow,51,43,8,1,0.4,0.82
2012-04,8,Spring,Weekend / holiday,Mist / cloudy,722,637,85,2,0.46,0.795
2012-04,8,Spring,Working day,Clear,9256,8904,352,15,0.3813,0.5527
2012-04,8,Spring,Working day,Light rain / snow,938,909,29,2,0.48,0.605
2012-04,8,Spring,Working day,Mist / cloudy,1843,1775,68,3,0.3867,0.7633
2012-04,9,Spring,Weekend / holiday,Clear,1784,1228,556,7,0.48,0.5471
2012-04,9,Spring,Weekend / holiday,Light rain / snow,79,71,8,1,0.4,0.82
2012-04,9,Spring,Weekend / holiday,Mist / cloudy,489,342,147,2,0.37,0.59
2012-04,9,Spring,Working day,Clear,4396,3871,525,13,0.4231,0.4908
2012-04,9,Spring,Working day,Light rain / snow,466,434,32,2,0.47,0.66
2012-04,9,Spring,Working day,Mist / cloudy,1506,1362,144,5,0.392,0.588
2012-04,10,Spring,Weekend / holiday,Clear,2575,1565,1010,7,0.5143,0.51
2012-04,10,Spring,Weekend / holiday,Light rain / snow,68,57,11,1,0.38,0.82
2012-04,10,Spring,Weekend / holiday,Mist / cloudy,651,459,192,2,0.39,0.555
2012-04,10,Spring,Working day,Clear,2822,1974,848,14,0.4557,0.4407
2012-04,10,Spring,Working day,Light rain / snow,147,116,31,1,0.48,0.47
2012-04,10,Spring,Working day,Mist / cloudy,716,555,161,5,0.416,0.598
2012-04,11,Spring,Weekend / holiday,Clear,3261,1878,1383,7,0.5429,0.4529
2012-04,11,Spring,Weekend / holiday,Light rain / snow,77,70,7,1,0.38,0.87
2012-04,11,Spring,Weekend / holiday,Mist / cloudy,809,533,276,2,0.39,0.555
2012-04,11,Spring,Working day,Clear,3035,2161,874,13,0.4831,0.3869
2012-04,11,Spring,Working day,Light rain / snow,119,105,14,1,0.46,0.47
2012-04,11,Spring,Working day,Mist / cloudy,1076,790,286,6,0.4367,0.5533
2012-04,12,Spring,Weekend / holiday,Clear,3855,2228,1627,7,0.5743,0.4057
2012-04,12,Spring,Weekend / holiday,Light rain / snow,61,56,5,1,0.38,0.87
2012-04,12,Spring,Weekend / holiday,Mist / cloudy,826,534,292,2,0.4,0.55
2012-04,12,Spring,Working day,Clear,4015,2936,1079,14,0.5043,0.3479
2012-04,12,Spring,Working day,Light rain / snow,239,212,27,2,0.4,0.61
2012-04,12,Spring,Working day,Mist / cloudy,894,717,177,4,0.48,0.555
2012-04,13,Spring,Weekend / holiday,Clear,3992,2206,1786,7,0.6086,0.38
2012-04,13,Spring,Weekend / holiday,Light rain / snow,52,47,5,1,0.38,0.82
2012-04,13,Spring,Weekend / holiday,Mist / cloudy,853,543,310,2,0.42,0.495
2012-04,13,Spring,Working day,Clear,4069,2861,1208,14,0.5214,0.3136
2012-04,13,Spring,Working day,Light rain / snow,171,149,22,2,0.4,0.625
2012-04,13,Spring,Working day,Mist / cloudy,858,705,153,4,0.495,0.5475
2012-04,14,Spring,Weekend / holiday,Clear,3699,2026,1673,7,0.6029,0.3443
2012-04,14,Spring,Weekend / holiday,Light rain / snow,53,50,3,1,0.38,0.87
2012-04,14,Spring,Weekend / holiday,Mist / cloudy,1221,650,571,2,0.56,0.41
2012-04,14,Spring,Working day,Clear,4132,2668,1464,15,0.5213,0.3167
2012-04,14,Spring,Working day,Light rain / snow,165,145,20,2,0.4,0.67
2012-04,14,Spring,Working day,Mist / cloudy,645,470,175,3,0.5533,0.5933
2012-04,15,Spring,Weekend / holiday,Clear,4216,2299,1917,8,0.605,0.35
2012-04,15,Spring,Weekend / holiday,Light rain / snow,38,38,0,1,0.38,0.87
2012-04,15,Spring,Weekend / holiday,Mist / cloudy,658,347,311,1,0.64,0.27
2012-04,15,Spring,Working day,Clear,4233,2881,1352,14,0.5529,0.2886
2012-04,15,Spring,Working day,Light rain / snow,300,240,60,2,0.4,0.615
2012-04,15,Spring,Working day,Mist / cloudy,815,624,191,4,0.51,0.61
2012-04,16,Spring,Weekend / holiday,Clear,3802,2095,1707,7,0.6457,0.3314
2012-04,16,Spring,Weekend / holiday,Light rain / snow,36,32,4,1,0.38,0.87
2012-04,16,Spring,Weekend / holiday,Mist / cloudy,958,573,385,2,0.54,0.325
2012-04,16,Spring,Working day,Clear,6556,5158,1398,16,0.555,0.305
2012-04,16,Spring,Working day,Light rain / snow,103,93,10,1,0.3,0.81
2012-04,16,Spring,Working day,Mist / cloudy,943,784,159,3,0.5267,0.68
2012-04,17,Spring,Weekend / holiday,Clear,3390,2113,1277,6,0.6333,0.33
2012-04,17,Spring,Weekend / holiday,Light rain / snow,27,25,2,1,0.36,0.93
2012-04,17,Spring,Weekend / holiday,Mist / cloudy,1450,842,608,3,0.5933,0.3467
2012-04,17,Spring,Working day,Clear,12826,11116,1710,18,0.5567,0.3322
2012-04,17,Spring,Working day,Light rain / snow,232,219,13,1,0.3,0.82
2012-04,17,Spring,Working day,Mist / cloudy,488,442,46,1,0.42,0.77
2012-04,18,Spring,Weekend / holiday,Clear,2901,1935,966,6,0.63,0.3233
2012-04,18,Spring,Weekend / holiday,Light rain / snow,129,111,18,2,0.38,0.7
2012-04,18,Spring,Weekend / holiday,Mist / cloudy,897,567,330,2,0.65,0.41
2012-04,18,Spring,Working day,Clear,10204,8865,1339,15,0.5573,0.2913
2012-04,18,Spring,Working day,Light rain / snow,964,915,49,2,0.36,0.62
2012-04,18,Spring,Working day,Mist / cloudy,1833,1678,155,3,0.5067,0.7133
2012-04,19,Spring,Weekend / holiday,Clear,2311,1639,672,6,0.6133,0.3433
2012-04,19,Spring,Weekend / holiday,Light rain / snow,228,189,39,3,0.4267,0.77
2012-04,19,Spring,Weekend / holiday,Mist / cloudy,459,296,163,1,0.6,0.4
2012-04,19,Spring,Working day,Clear,7670,6651,1019,16,0.5312,0.3031
2012-04,19,Spring,Working day,Mist / cloudy,1601,1456,145,4,0.46,0.735
2012-04,20,Spring,Weekend / holiday,Clear,1328,1011,317,5,0.6,0.334
2012-04,20,Spring,Weekend / holiday,Light rain / snow,74,68,6,2,0.43,0.875
2012-04,20,Spring,Weekend / holiday,Mist / cloudy,655,456,199,3,0.48,0.57
2012-04,20,Spring,Working day,Clear,5441,4801,640,17,0.5059,0.3518
2012-04,20,Spring,Working day,Mist / cloudy,772,719,53,3,0.42,0.7067
2012-04,21,Spring,Weekend / holiday,Clear,1068,760,308,5,0.568,0.42
2012-04,21,Spring,Weekend / holiday,Light rain / snow,197,165,32,3,0.4067,0.8
2012-04,21,Spring,Weekend / holiday,Mist / cloudy,354,268,86,2,0.53,0.51
2012-04,21,Spring,Working day,Clear,3498,3067,431,15,0.4853,0.4293
2012-04,21,Spring,Working day,Light rain / snow,165,151,14,1,0.48,0.41
2012-04,21,Spring,Working day,Mist / cloudy,788,718,70,4,0.43,0.625
2012-04,22,Spring,Weekend / holiday,Clear,866,642,224,6,0.5533,0.4633
2012-04,22,Spring,Weekend / holiday,Light rain / snow,81,74,7,2,0.42,0.75
2012-04,22,Spring,Weekend / holiday,Mist / cloudy,295,214,81,2,0.45,0.615
2012-04,22,Spring,Working day,Clear,2794,2441,353,17,0.4518,0.4882
2012-04,22,Spring,Working day,Mist / cloudy,404,378,26,3,0.4667,0.5767
2012-04,23,Spring,Weekend / holiday,Clear,462,356,106,5,0.56,0.432
2012-04,23,Spring,Weekend / holiday,Light rain / snow,80,70,10,2,0.41,0.765
2012-04,23,Spring,Weekend / holiday,Mist / cloudy,329,261,68,3,0.46,0.7133
2012-04,23,Spring,Working day,Clear,1780,1545,235,17,0.4388,0.4965
2012-04,23,Spring,Working day,Mist / cloudy,234,200,34,3,0.48,0.61
2012-05,0,Spring,Weekend / holiday,Clear,886,689,197,7,0.5771,0.6514
2012-05,0,Spring,Weekend / holiday,Mist / cloudy,271,200,71,2,0.62,0.76
2012-05,0,Spring,Working day,Clear,667,513,154,11,0.5945,0.7482
2012-05,0,Spring,Working day,Light rain / snow,109,91,18,3,0.5733,0.8467
2012-05,0,Spring,Working day,Mist / cloudy,338,245,93,8,0.5425,0.7312
2012-05,1,Spring,Weekend / holiday,Clear,594,469,125,6,0.5767,0.6467
2012-05,1,Spring,Weekend / holiday,Mist / cloudy,274,201,73,3,0.5667,0.7633
2012-05,1,Spring,Working day,Clear,330,220,110,10,0.588,0.756
2012-05,1,Spring,Working day,Light rain / snow,38,29,9,3,0.5933,0.8833
2012-05,1,Spring,Working day,Mist / cloudy,147,103,44,9,0.5378,0.76
2012-05,2,Spring,Weekend / holiday,Clear,471,343,128,7,0.5686,0.7071
2012-05,2,Spring,Weekend / holiday,Mist / cloudy,175,124,51,2,0.54,0.755
2012-05,2,Spring,Working day,Clear,160,104,56,11,0.5691,0.7473
2012-05,2,Spring,Working day,Light rain / snow,17,14,3,3,0.58,0.92
2012-05,2,Spring,Working day,Mist / cloudy,94,69,25,8,0.54,0.81
2012-05,3,Spring,Weekend / holiday,Clear,250,163,87,7,0.5686,0.6857
2012-05,3,Spring,Weekend / holiday,Mist / cloudy,56,45,11,2,0.54,0.735
2012-05,3,Spring,Working day,Clear,80,65,15,11,0.5509,0.76
2012-05,3,Spring,Working day,Light rain / snow,13,12,1,3,0.5867,0.8633
2012-05,3,Spring,Working day,Mist / cloudy,42,28,14,8,0.5525,0.81
2012-05,4,Spring,Weekend / holiday,Clear,67,50,17,7,0.5486,0.7586
2012-05,4,Spring,Weekend / holiday,Light rain / snow,16,7,9,1,0.52,0.83
2012-05,4,Spring,Weekend / holiday,Mist / cloudy,9,7,2,1,0.54,0.68
2012-05,4,Spring,Working day,Clear,63,54,9,9,0.54,0.7611
2012-05,4,Spring,Working day,Light rain / snow,20,17,3,4,0.565,0.8825
2012-05,4,Spring,Working day,Mist / cloudy,50,43,7,9,0.5444,0.8278
2012-05,5,Spring,Weekend / holiday,Clear,93,68,25,8,0.5375,0.7625
2012-05,5,Spring,Weekend / holiday,Light rain / snow,11,10,1,1,0.52,0.83
2012-05,5,Spring,Working day,Clear,303,287,16,10,0.528,0.771
2012-05,5,Spring,Working day,Light rain / snow,75,68,7,4,0.56,0.895
2012-05,5,Spring,Working day,Mist / cloudy,213,206,7,8,0.555,0.8138
2012-05,6,Spring,Weekend / holiday,Clear,202,150,52,7,0.5343,0.7343
2012-05,6,Spring,Weekend / holiday,Light rain / snow,17,14,3,1,0.52,0.83
2012-05,6,Spring,Weekend / holiday,Mist / cloudy,42,33,9,1,0.54,0.94
2012-05,6,Spring,Working day,Clear,1707,1614,93,11,0.5182,0.7855
2012-05,6,Spring,Working day,Light rain / snow,451,430,21,6,0.5467,0.875
2012-05,6,Spring,Working day,Mist / cloudy,675,642,33,5,0.568,0.86
2012-05,7,Spring,Weekend / holiday,Clear,518,373,145,7,0.5314,0.7543
2012-05,7,Spring,Weekend / holiday,Light rain / snow,36,31,5,1,0.52,0.83
2012-05,7,Spring,Weekend / holiday,Mist / cloudy,54,44,10,1,0.62,0.88
2012-05,7,Spring,Working day,Clear,4840,4642,198,11,0.54,0.7527
2012-05,7,Spring,Working day,Light rain / snow,1511,1469,42,6,0.54,0.8933
2012-05,7,Spring,Working day,Mist / cloudy,1689,1625,64,5,0.54,0.892
2012-05,8,Spring,Weekend / holiday,Clear,1344,995,349,8,0.585,0.6663
2012-05,8,Spring,Weekend / holiday,Mist / cloudy,114,91,23,1,0.5,0.88
2012-05,8,Spring,Working day,Clear,6635,6287,348,10,0.562,0.683
2012-05,8,Spring,Working day,Light rain / snow,1053,1021,32,3,0.52,0.88
2012-05,8,Spring,Working day,Mist / cloudy,5378,5149,229,9,0.5667,0.8422
2012-05,9,Spring,Weekend / holiday,Clear,2268,1485,783,8,0.6175,0.6063
2012-05,9,Spring,Weekend / holiday,Mist / cloudy,191,128,63,1,0.52,0.83
2012-05,9,Spring,Working day,Clear,2553,2204,349,8,0.585,0.595
2012-05,9,Spring,Working day,Light rain / snow,296,277,19,2,0.55,0.88
2012-05,9,Spring,Working day,Mist / cloudy,3915,3487,428,12,0.575,0.8183
2012-05,10,Spring,Weekend / holiday,Clear,3302,1964,1338,8,0.6375,0.5813
2012-05,10,Spring,Weekend / holiday,Mist / cloudy,333,221,112,1,0.54,0.77
2012-05,10,Spring,Working day,Clear,2372,1744,628,12,0.6217,0.6108
2012-05,10,Spring,Working day,Light rain / snow,158,124,34,2,0.56,0.88
2012-05,10,Spring,Working day,Mist / cloudy,1419,1071,348,8,0.5825,0.7375
2012-05,11,Spring,Weekend / holiday,Clear,4621,2726,1895,9,0.6578,0.5656
2012-05,11,Spring,Working day,Clear,2968,2178,790,12,0.635,0.5833
2012-05,11,Spring,Working day,Mist / cloudy,1884,1421,463,10,0.612,0.712
2012-05,12,Spring,Weekend / holiday,Clear,4543,2635,1908,8,0.6975,0.5212
2012-05,12,Spring,Weekend / holiday,Mist / cloudy,558,351,207,1,0.6,0.64
2012-05,12,Spring,Working day,Clear,3615,2803,812,12,0.6533,0.525
2012-05,12,Spring,Working day,Light rain / snow,171,125,46,1,0.62,0.78
2012-05,12,Spring,Working day,Mist / cloudy,2177,1692,485,9,0.6133,0.7211
2012-05,13,Spring,Weekend / holiday,Clear,4689,2541,2148,8,0.7225,0.5075
2012-05,13,Spring,Weekend / holiday,Mist / cloudy,565,368,197,1,0.6,0.64
2012-05,13,Spring,Working day,Clear,3474,2627,847,11,0.6764,0.4609
2012-05,13,Spring,Working day,Light rain / snow,642,505,137,3,0.6267,0.7367
2012-05,13,Spring,Working day,Mist / cloudy,1982,1546,436,8,0.6375,0.66
2012-05,14,Spring,Weekend / holiday,Clear,4016,2072,1944,7,0.7314,0.4857
2012-05,14,Spring,Weekend / holiday,Light rain / snow,428,241,187,1,0.7,0.61
2012-05,14,Spring,Weekend / holiday,Mist / cloudy,518,292,226,1,0.6,0.64
2012-05,14,Spring,Working day,Clear,3519,2612,907,13,0.6862,0.47
2012-05,14,Spring,Working day,Light rain / snow,251,198,53,2,0.61,0.76
2012-05,14,Spring,Working day,Mist / cloudy,1505,1103,402,7,0.6514,0.6343
2012-05,15,Spring,Weekend / holiday,Clear,3269,1709,1560,6,0.7467,0.455
2012-05,15,Spring,Weekend / holiday,Light rain / snow,541,300,241,1,0.66,0.74
2012-05,15,Spring,Weekend / holiday,Mist / cloudy,1073,598,475,2,0.66,0.5
2012-05,15,Spring,Working day,Clear,3779,2796,983,12,0.6883,0.4758
2012-05,15,Spring,Working day,Light rain / snow,134,94,40,1,0.62,0.73
2012-05,15,Spring,Working day,Mist / cloudy,2306,1736,570,9,0.6778,0.5878
2012-05,16,Spring,Weekend / holiday,Clear,3289,1753,1536,6,0.76,0.4617
2012-05,16,Spring,Weekend / holiday,Mist / cloudy,1675,1010,665,3,0.6667,0.49
2012-05,16,Spring,Working day,Clear,6933,5625,1308,16,0.7025,0.4662
2012-05,16,Spring,Working day,Light rain / snow,778,642,136,3,0.6533,0.6767
2012-05,16,Spring,Working day,Mist / cloudy,1060,878,182,3,0.6333,0.5867
2012-05,17,Spring,Weekend / holiday,Clear,2580,1468,1112,5,0.752,0.45
2012-05,17,Spring,Weekend / holiday,Mist / cloudy,2051,1184,867,4,0.685,0.545
2012-05,17,Spring,Working day,Clear,12166,10638,1528,16,0.7037,0.475
2012-05,17,Spring,Working day,Light rain / snow,514,444,70,2,0.6,0.785
2012-05,17,Spring,Working day,Mist / cloudy,2699,2404,295,4,0.635,0.61
2012-05,18,Spring,Weekend / holiday,Clear,2020,1222,798,4,0.75,0.5025
2012-05,18,Spring,Weekend / holiday,Mist / cloudy,2247,1468,779,5,0.676,0.514
2012-05,18,Spring,Working day,Clear,12265,10825,1440,17,0.6871,0.5006
2012-05,18,Spring,Working day,Light rain / snow,699,645,54,2,0.58,0.73
2012-05,18,Spring,Working day,Mist / cloudy,1690,1526,164,3,0.6067,0.6833
2012-05,19,Spring,Weekend / holiday,Clear,1671,948,723,4,0.73,0.5325
2012-05,19,Spring,Weekend / holiday,Mist / cloudy,1939,1239,700,5,0.652,0.578
2012-05,19,Spring,Working day,Clear,9070,7774,1296,18,0.6667,0.5306
2012-05,19,Spring,Working day,Light rain / snow,402,390,12,2,0.54,0.825
2012-05,19,Spring,Working day,Mist / cloudy,834,735,99,2,0.63,0.76
2012-05,20,Spring,Weekend / holiday,Clear,2170,1401,769,7,0.6686,0.5814
2012-05,20,Spring,Weekend / holiday,Mist / cloudy,485,315,170,2,0.7,0.525
2012-05,20,Spring,Working day,Clear,5224,4384,840,14,0.6229,0.5543
2012-05,20,Spring,Working day,Light rain / snow,518,449,69,3,0.6133,0.72
2012-05,20,Spring,Working day,Mist / cloudy,1615,1424,191,5,0.608,0.738
2012-05,21,Spring,Weekend / holiday,Clear,942,689,253,4,0.65,0.645
2012-05,21,Spring,Weekend / holiday,Light rain / snow,143,79,64,1,0.66,0.69
2012-05,21,Spring,Weekend / holiday,Mist / cloudy,919,611,308,4,0.635,0.6325
2012-05,21,Spring,Working day,Clear,3925,3358,567,14,0.6171,0.5893
2012-05,21,Spring,Working day,Light rain / snow,499,433,66,4,0.595,0.8025
2012-05,21,Spring,Working day,Mist / cloudy,867,778,89,4,0.595,0.69
2012-05,22,Spring,Weekend / holiday,Clear,1275,888,387,6,0.6367,0.675
2012-05,22,Spring,Weekend / holiday,Light rain / snow,59,50,9,1,0.62,0.83
2012-05,22,Spring,Weekend / holiday,Mist / cloudy,348,239,109,2,0.6,0.695
2012-05,22,Spring,Working day,Clear,3066,2567,499,14,0.5971,0.6407
2012-05,22,Spring,Working day,Light rain / snow,214,196,18,2,0.54,0.8
2012-05,22,Spring,Working day,Mist / cloudy,901,780,121,6,0.6033,0.7417
2012-05,23,Spring,Weekend / holiday,Clear,749,556,193,5,0.624,0.674
2012-05,23,Spring,Weekend / holiday,Light rain / snow,182,119,63,2,0.61,0.805
2012-05,23,Spring,Weekend / holiday,Mist / cloudy,223,171,52,2,0.59,0.7
2012-05,23,Spring,Working day,Clear,2034,1635,399,14,0.5943,0.6693
2012-05,23,Spring,Working day,Light rain / snow,239,198,41,4,0.565,0.855
2012-05,23,Spring,Working day,Mist / cloudy,453,364,89,4,0.565,0.695
2012-06,0,Spring,Weekend / holiday,Clear,818,648,170,5,0.596,0.588
2012-06,0,Spring,Weekend / holiday,Mist / cloudy,86,81,5,1,0.56,0.83
2012-06,0,Spring,Working day,Clear,630,519,111,11,0.5945,0.6418
2012-06,0,Spring,Working day,Mist / cloudy,97,83,14,3,0.6533,0.7667
2012-06,0,Summer,Weekend / holiday,Clear,279,234,45,2,0.67,0.67
2012-06,0,Summer,Weekend / holiday,Light rain / snow,69,65,4,1,0.64,0.89
2012-06,0,Summer,Working day,Clear,396,300,96,6,0.6833,0.5067
2012-06,0,Summer,Working day,Mist / cloudy,93,77,16,1,0.76,0.7
2012-06,1,Spring,Weekend / holiday,Clear,543,419,124,5,0.588,0.596
2012-06,1,Spring,Weekend / holiday,Mist / cloudy,76,61,15,1,0.56,0.83
2012-06,1,Spring,Working day,Clear,277,217,60,10,0.594,0.696
2012-06,1,Spring,Working day,Light rain / snow,14,10,4,1,0.56,0.6
2012-06,1,Spring,Working day,Mist / cloudy,50,42,8,3,0.6,0.7333
2012-06,1,Summer,Weekend / holiday,Clear,123,107,16,1,0.66,0.78
2012-06,1,Summer,Weekend / holiday,Light rain / snow,58,55,3,1,0.64,0.89
2012-06,1,Summer,Weekend / holiday,Mist / cloudy,127,88,39,1,0.68,0.54
2012-06,1,Summer,Working day,Clear,200,148,52,7,0.6829,0.5743
2012-06,2,Spring,Weekend / holiday,Clear,392,301,91,5,0.588,0.574
2012-06,2,Spring,Weekend / holiday,Mist / cloudy,41,38,3,1,0.54,0.88
2012-06,2,Spring,Working day,Clear,120,101,19,10,0.582,0.718
2012-06,2,Spring,Working day,Light rain / snow,8,8,0,1,0.52,0.72
2012-06,2,Spring,Working day,Mist / cloudy,30,28,2,3,0.6333,0.6533
2012-06,2,Summer,Weekend / holiday,Mist / cloudy,268,209,59,3,0.6533,0.7433
2012-06,2,Summer,Working day,Clear,98,75,23,7,0.6657,0.6114
2012-06,3,Spring,Weekend / holiday,Clear,200,144,56,6,0.5733,0.65
2012-06,3,Spring,Working day,Clear,48,41,7,7,0.5686,0.78
2012-06,3,Spring,Working day,Light rain / snow,5,5,0,1,0.5,0.82
2012-06,3,Spring,Working day,Mist / cloudy,38,32,6,6,0.5967,0.6933
2012-06,3,Summer,Weekend / holiday,Mist / cloudy,125,93,32,3,0.6467,0.79
2012-06,3,Summer,Working day,Clear,55,43,12,7,0.6629,0.6014
2012-06,4,Spring,Weekend / holiday,Clear,70,59,11,6,0.56,0.6783
2012-06,4,Spring,Working day,Clear,72,63,9,8,0.555,0.78
2012-06,4,Spring,Working day,Light rain / snow,9,8,1,2,0.55,0.85
2012-06,4,Spring,Working day,Mist / cloudy,31,29,2,4,0.59,0.71
2012-06,4,Summer,Weekend / holiday,Mist / cloudy,50,37,13,3,0.64,0.8067
2012-06,4,Summer,Working day,Clear,58,55,3,6,0.6367,0.6217
2012-06,4,Summer,Working day,Mist / cloudy,10,7,3,1,0.76,0.66
2012-06,5,Spring,Weekend / holiday,Clear,96,81,15,6,0.55,0.6683
2012-06,5,Spring,Working day,Clear,285,274,11,8,0.5525,0.7888
2012-06,5,Spring,Working day,Light rain / snow,88,85,3,3,0.5333,0.8433
2012-06,5,Spring,Working day,Mist / cloudy,122,115,7,3,0.6067,0.7067
2012-06,5,Summer,Weekend / holiday,Clear,18,14,4,2,0.63,0.79
2012-06,5,Summer,Weekend / holiday,Mist / cloudy,12,11,1,1,0.64,0.83
2012-06,5,Summer,Working day,Clear,250,227,23,6,0.6333,0.6117
2012-06,5,Summer,Working day,Mist / cloudy,38,35,3,1,0.74,0.66
2012-06,6,Spring,Weekend / holiday,Clear,202,158,44,5,0.54,0.718
2012-06,6,Spring,Weekend / holiday,Mist / cloudy,36,31,5,1,0.5,0.77
2012-06,6,Spring,Working day,Clear,1474,1408,66,9,0.5333,0.7689
2012-06,6,Spring,Working day,Light rain / snow,178,173,5,2,0.57,0.88
2012-06,6,Spring,Working day,Mist / cloudy,462,438,24,3,0.6133,0.85
2012-06,6,Summer,Weekend / holiday,Clear,114,92,22,3,0.64,0.79
2012-06,6,Summer,Working day,Clear,739,701,38,4,0.59,0.5825
2012-06,6,Summer,Working day,Mist / cloudy,435,413,22,3,0.7133,0.7033
2012-06,7,Spring,Weekend / holiday,Clear,396,306,90,6,0.5433,0.7033
2012-06,7,Spring,Working day,Clear,4531,4341,190,9,0.5511,0.7411
2012-06,7,Spring,Working day,Light rain / snow,448,422,26,2,0.57,0.91
2012-06,7,Spring,Working day,Mist / cloudy,1346,1275,71,3,0.6333,0.8533
2012-06,7,Summer,Weekend / holiday,Clear,241,189,52,3,0.64,0.8033
2012-06,7,Summer,Working day,Clear,2811,2669,142,6,0.64,0.5817
2012-06,7,Summer,Working day,Mist / cloudy,463,437,26,1,0.7,0.84
2012-06,8,Spring,Weekend / holiday,Clear,1098,866,232,6,0.58,0.65
2012-06,8,Spring,Working day,Clear,4737,4508,229,7,0.5857,0.6586
2012-06,8,Spring,Working day,Mist / cloudy,4520,4305,215,7,0.6,0.81
2012-06,8,Summer,Weekend / holiday,Clear,502,404,98,3,0.6733,0.72
2012-06,8,Summer,Working day,Clear,3771,3519,252,6,0.6667,0.56
2012-06,8,Summer,Working day,Mist / cloudy,624,576,48,1,0.74,0.55
2012-06,9,Spring,Weekend / holiday,Clear,1879,1351,528,6,0.61,0.5817
2012-06,9,Spring,Working day,Clear,2671,2314,357,8,0.62,0.61
2012-06,9,Spring,Working day,Mist / cloudy,1836,1609,227,6,0.6167,0.7833
2012-06,9,Summer,Weekend / holiday,Clear,839,650,189,3,0.6933,0.6733
2012-06,9,Summer,Working day,Clear,2118,1863,255,7,0.7086,0.5343
2012-06,10,Spring,Weekend / holiday,Clear,2647,1772,875,6,0.65,0.4967
2012-06,10,Spring,Working day,Clear,1738,1258,480,9,0.6622,0.5633
2012-06,10,Spring,Working day,Light rain / snow,216,174,42,2,0.59,0.885
2012-06,10,Spring,Working day,Mist / cloudy,578,407,171,3,0.6067,0.6867
2012-06,10,Summer,Weekend / holiday,Clear,1350,916,434,3,0.7933,0.4167
2012-06,10,Summer,Working day,Clear,1236,947,289,7,0.7657,0.4586
2012-06,11,Spring,Weekend / holiday,Clear,3227,2038,1189,6,0.67,0.4383
2012-06,11,Spring,Working day,Clear,1898,1354,544,8,0.68,0.4938
2012-06,11,Spring,Working day,Light rain / snow,65,57,8,1,0.66,0.83
2012-06,11,Spring,Working day,Mist / cloudy,1031,776,255,5,0.644,0.64
2012-06,11,Summer,Weekend / holiday,Clear,1474,990,484,3,0.8,0.3933
2012-06,11,Summer,Working day,Clear,1233,912,321,6,0.7733,0.3833
2012-06,11,Summer,Working day,Mist / cloudy,188,137,51,1,0.9,0.42
2012-06,12,Spring,Weekend / holiday,Clear,3603,2194,1409,6,0.7,0.3983
2012-06,12,Spring,Working day,Clear,2177,1673,504,7,0.7057,0.4529
2012-06,12,Spring,Working day,Light rain / snow,263,215,48,2,0.61,0.805
2012-06,12,Spring,Working day,Mist / cloudy,1417,1089,328,5,0.676,0.556
2012-06,12,Summer,Weekend / holiday,Clear,1629,1056,573,3,0.8267,0.3533
2012-06,12,Summer,Working day,Clear,1375,1073,302,5,0.8,0.346
2012-06,12,Summer,Working day,Mist / cloudy,496,369,127,2,0.84,0.425
2012-06,13,Spring,Weekend / holiday,Clear,3673,2129,1544,6,0.72,0.36
2012-06,13,Spring,Working day,Clear,2784,2047,737,9,0.7111,0.4744
2012-06,13,Spring,Working day,Light rain / snow,59,48,11,1,0.66,0.83
2012-06,13,Spring,Working day,Mist / cloudy,995,763,232,4,0.67,0.5125
2012-06,13,Summer,Weekend / holiday,Clear,1577,1009,568,3,0.8333,0.3233
2012-06,13,Summer,Working day,Clear,1834,1425,409,7,0.8286,0.3514
2012-06,14,Spring,Weekend / holiday,Clear,3573,2103,1470,6,0.7233,0.3617
2012-06,14,Spring,Working day,Clear,2301,1589,712,8,0.725,0.4213
2012-06,14,Spring,Working day,Light rain / snow,314,247,67,2,0.68,0.775
2012-06,14,Spring,Working day,Mist / cloudy,1074,769,305,4,0.675,0.4625
2012-06,14,Summer,Weekend / holiday,Clear,1569,964,605,3,0.8333,0.31
2012-06,14,Summer,Working day,Clear,1714,1258,456,7,0.8371,0.3343
2012-06,15,Spring,Weekend / holiday,Clear,3422,2014,1408,6,0.7367,0.345
2012-06,15,Spring,Working day,Clear,3001,2189,812,10,0.746,0.39
2012-06,15,Spring,Working day,Light rain / snow,374,307,67,2,0.69,0.775
2012-06,15,Spring,Working day,Mist / cloudy,509,394,115,2,0.59,0.575
2012-06,15,Summer,Weekend / holiday,Clear,1374,843,531,3,0.86,0.2933
2012-06,15,Summer,Working day,Clear,1726,1329,397,7,0.8486,0.3157
2012-06,16,Spring,Weekend / holiday,Clear,2928,1795,1133,5,0.732,0.372
2012-06,16,Spring,Weekend / holiday,Mist / cloudy,542,304,238,1,0.72,0.37
2012-06,16,Spring,Working day,Clear,4419,3587,832,10,0.724,0.394
2012-06,16,Spring,Working day,Light rain / snow,222,186,36,1,0.74,0.58
2012-06,16,Spring,Working day,Mist / cloudy,998,828,170,3,0.6867,0.6767
2012-06,16,Summer,Weekend / holiday,Clear,1347,861,486,3,0.86,0.2833
2012-06,16,Summer,Working day,Clear,2660,2215,445,7,0.8543,0.2943
2012-06,17,Spring,Weekend / holiday,Clear,2773,1679,1094,5,0.728,0.384
2012-06,17,Spring,Weekend / holiday,Mist / cloudy,593,349,244,1,0.72,0.37
2012-06,17,Spring,Working day,Clear,8119,7172,947,10,0.722,0.396
2012-06,17,Spring,Working day,Light rain / snow,227,202,25,1,0.7,0.7
2012-06,17,Spring,Working day,Mist / cloudy,2204,2009,195,3,0.6867,0.6767
2012-06,17,Summer,Weekend / holiday,Clear,1424,876,548,3,0.8467,0.3
2012-06,17,Summer,Working day,Clear,4435,3909,526,6,0.8467,0.2817
2012-06,17,Summer,Working day,Mist / cloudy,646,551,95,1,0.82,0.38
2012-06,18,Spring,Weekend / holiday,Clear,2462,1596,866,5,0.724,0.37
2012-06,18,Spring,Weekend / holiday,Mist / cloudy,571,315,256,1,0.72,0.37
2012-06,18,Spring,Working day,Clear,7528,6496,1032,10,0.726,0.43
2012-06,18,Spring,Working day,Light rain / snow,892,788,104,2,0.61,0.705
2012-06,18,Spring,Working day,Mist / cloudy,1473,1321,152,2,0.71,0.56
2012-06,18,Summer,Weekend / holiday,Clear,1354,883,471,3,0.84,0.3167
2012-06,18,Summer,Working day,Clear,4220,3702,518,6,0.8267,0.2983
2012-06,18,Summer,Working day,Mist / cloudy,505,443,62,1,0.8,0.55
2012-06,19,Spring,Weekend / holiday,Clear,2132,1442,690,5,0.716,0.36
2012-06,19,Spring,Weekend / holiday,Mist / cloudy,461,277,184,1,0.7,0.42
2012-06,19,Spring,Working day,Clear,6114,5207,907,11,0.6964,0.4764
2012-06,19,Spring,Working day,Light rain / snow,45,41,4,1,0.62,0.88
2012-06,19,Spring,Working day,Mist / cloudy,1059,918,141,2,0.69,0.605
2012-06,19,Summer,Weekend / holiday,Clear,1222,727,495,3,0.8133,0.3633
2012-06,19,Summer,Working day,Clear,3270,2789,481,6,0.81,0.3333
2012-06,19,Summer,Working day,Mist / cloudy,362,317,45,1,0.76,0.55
2012-06,20,Spring,Weekend / holiday,Clear,1741,1179,562,5,0.684,0.428
2012-06,20,Spring,Weekend / holiday,Mist / cloudy,352,229,123,1,0.66,0.47
2012-06,20,Spring,Working day,Clear,4689,3887,802,11,0.6764,0.5018
2012-06,20,Spring,Working day,Light rain / snow,39,38,1,1,0.62,0.94
2012-06,20,Spring,Working day,Mist / cloudy,756,650,106,2,0.68,0.605
2012-06,20,Summer,Weekend / holiday,Clear,1010,656,354,3,0.7933,0.43
2012-06,20,Summer,Working day,Clear,2639,2172,467,6,0.7967,0.3517
2012-06,20,Summer,Working day,Mist / cloudy,202,171,31,1,0.76,0.55
2012-06,21,Spring,Weekend / holiday,Clear,1377,951,426,5,0.66,0.484
2012-06,21,Spring,Weekend / holiday,Mist / cloudy,290,192,98,1,0.64,0.5
2012-06,21,Spring,Working day,Clear,3458,2888,570,11,0.6545,0.5491
2012-06,21,Spring,Working day,Light rain / snow,85,73,12,1,0.64,0.78
2012-06,21,Spring,Working day,Mist / cloudy,523,456,67,2,0.67,0.655
2012-06,21,Summer,Weekend / holiday,Clear,788,565,223,3,0.78,0.4667
2012-06,21,Summer,Working day,Clear,1735,1426,309,5,0.736,0.412
2012-06,21,Summer,Working day,Light rain / snow,217,177,40,1,0.68,0.65
2012-06,21,Summer,Working day,Mist / cloudy,236,195,41,1,0.86,0.53
2012-06,22,Spring,Weekend / holiday,Clear,1260,896,364,6,0.6367,0.5533
2012-06,22,Spring,Working day,Clear,2442,2047,395,10,0.638,0.59
2012-06,22,Spring,Working day,Light rain / snow,23,22,1,1,0.6,0.88
2012-06,22,Spring,Working day,Mist / cloudy,570,481,89,3,0.66,0.6533
2012-06,22,Summer,Weekend / holiday,Clear,629,437,192,3,0.7533,0.5133
2012-06,22,Summer,Working day,Clear,1443,1230,213,6,0.7133,0.4767
2012-06,22,Summer,Working day,Light rain / snow,163,129,34,1,0.82,0.63
2012-06,23,Spring,Weekend / holiday,Clear,977,721,256,6,0.62,0.5683
2012-06,23,Spring,Working day,Clear,1337,1087,250,9,0.62,0.5911
2012-06,23,Spring,Working day,Light rain / snow,236,202,34,3,0.62,0.8667
2012-06,23,Spring,Working day,Mist / cloudy,252,208,44,2,0.66,0.635
2012-06,23,Summer,Weekend / holiday,Clear,464,342,122,3,0.7467,0.5467
2012-06,23,Summer,Working day,Clear,710,633,77,5,0.696,0.456
2012-06,23,Summer,Working day,Light rain / snow,48,42,6,1,0.82,0.63
2012-06,23,Summer,Working day,Mist / cloudy,174,145,29,1,0.66,0.74
2012-07,0,Summer,Weekend / holiday,Clear,1171,948,223,7,0.7314,0.7243
2012-07,0,Summer,Weekend / holiday,Light rain / snow,103,92,11,1,0.62,0.83
2012-07,0,Summer,Weekend / holiday,Mist / cloudy,304,252,52,2,0.66,0.68
2012-07,0,Summer,Working day,Clear,946,735,211,14,0.7143,0.6871
2012-07,0,Summer,Working day,Light rain / snow,77,64,13,2,0.69,0.84
2012-07,0,Summer,Working day,Mist / cloudy,277,233,44,5,0.696,0.69
2012-07,1,Summer,Weekend / holiday,Clear,649,509,140,6,0.73,0.705
2012-07,1,Summer,Weekend / holiday,Mist / cloudy,488,385,103,4,0.65,0.7775
2012-07,1,Summer,Working day,Clear,374,298,76,16,0.7037,0.71
2012-07,1,Summer,Working day,Light rain / snow,18,13,5,1,0.7,0.89
2012-07,1,Summer,Working day,Mist / cloudy,108,87,21,4,0.7,0.6175
2012-07,2,Summer,Weekend / holiday,Clear,513,396,117,6,0.7233,0.7083
2012-07,2,Summer,Weekend / holiday,Light rain / snow,60,55,5,1,0.6,0.88
2012-07,2,Summer,Weekend / holiday,Mist / cloudy,338,267,71,3,0.66,0.77
2012-07,2,Summer,Working day,Clear,194,153,41,15,0.6987,0.7087
2012-07,2,Summer,Working day,Light rain / snow,5,4,1,1,0.7,0.89
2012-07,2,Summer,Working day,Mist / cloudy,77,66,11,5,0.676,0.72
2012-07,3,Summer,Weekend / holiday,Clear,229,173,56,6,0.72,0.7167
2012-07,3,Summer,Weekend / holiday,Light rain / snow,25,18,7,1,0.6,0.88
2012-07,3,Summer,Weekend / holiday,Mist / cloudy,140,103,37,3,0.66,0.77
2012-07,3,Summer,Working day,Clear,92,79,13,15,0.6827,0.7293
2012-07,3,Summer,Working day,Light rain / snow,5,5,0,1,0.7,0.89
2012-07,3,Summer,Working day,Mist / cloudy,59,49,10,5,0.692,0.736
2012-07,4,Summer,Weekend / holiday,Clear,89,70,19,7,0.6914,0.7486
2012-07,4,Summer,Weekend / holiday,Light rain / snow,25,11,14,2,0.62,0.745
2012-07,4,Summer,Weekend / holiday,Mist / cloudy,19,11,8,1,0.68,0.89
2012-07,4,Summer,Working day,Clear,101,94,7,16,0.6825,0.7363
2012-07,4,Summer,Working day,Light rain / snow,2,1,1,1,0.66,0.89
2012-07,4,Summer,Working day,Mist / cloudy,40,35,5,4,0.675,0.745
2012-07,5,Summer,Weekend / holiday,Clear,95,75,20,8,0.68,0.7725
2012-07,5,Summer,Weekend / holiday,Light rain / snow,17,10,7,1,0.58,0.88
2012-07,5,Summer,Weekend / holiday,Mist / cloudy,5,5,0,1,0.64,0.73
2012-07,5,Summer,Working day,Clear,640,575,65,15,0.6747,0.752
2012-07,5,Summer,Working day,Mist / cloudy,235,217,18,6,0.68,0.7383
2012-07,6,Summer,Weekend / holiday,Clear,194,146,48,7,0.7,0.74
2012-07,6,Summer,Weekend / holiday,Light rain / snow,15,12,3,1,0.58,0.88
2012-07,6,Summer,Weekend / holiday,Mist / cloudy,54,43,11,2,0.63,0.805
2012-07,6,Summer,Working day,Clear,2639,2495,144,16,0.6837,0.7294
2012-07,6,Summer,Working day,Light rain / snow,92,86,6,1,0.64,0.89
2012-07,6,Summer,Working day,Mist / cloudy,597,574,23,4,0.68,0.7775
2012-07,7,Summer,Weekend / holiday,Clear,456,360,96,8,0.715,0.7038
2012-07,7,Summer,Weekend / holiday,Mist / cloudy,75,54,21,2,0.6,0.855
2012-07,7,Summer,Working day,Clear,6871,6553,318,15,0.7147,0.6607
2012-07,7,Summer,Working day,Light rain / snow,230,223,7,1,0.66,0.83
2012-07,7,Summer,Working day,Mist / cloudy,2283,2159,124,5,0.692,0.74
2012-07,8,Summer,Weekend / holiday,Clear,1018,766,252,7,0.7429,0.64
2012-07,8,Summer,Weekend / holiday,Mist / cloudy,398,312,86,3,0.64,0.8167
2012-07,8,Summer,Working day,Clear,9408,8861,547,14,0.7429,0.6179
2012-07,8,Summer,Working day,Mist / cloudy,4674,4403,271,7,0.7057,0.7171
2012-07,9,Summer,Weekend / holiday,Clear,1855,1319,536,7,0.7771,0.5886
2012-07,9,Summer,Weekend / holiday,Mist / cloudy,686,517,169,3,0.6533,0.77
2012-07,9,Summer,Working day,Clear,3844,3286,558,12,0.7817,0.5258
2012-07,9,Summer,Working day,Mist / cloudy,3098,2701,397,9,0.7289,0.6756
2012-07,10,Summer,Weekend / holiday,Clear,2615,1796,819,7,0.8286,0.5029
2012-07,10,Summer,Weekend / holiday,Light rain / snow,268,219,49,1,0.58,0.88
2012-07,10,Summer,Weekend / holiday,Mist / cloudy,780,543,237,2,0.69,0.72
2012-07,10,Summer,Working day,Clear,2834,1918,916,14,0.7971,0.5036
2012-07,10,Summer,Working day,Mist / cloudy,1419,1031,388,7,0.74,0.6414
2012-07,11,Summer,Weekend / holiday,Clear,3035,1993,1042,7,0.8543,0.4443
2012-07,11,Summer,Weekend / holiday,Mist / cloudy,1249,835,414,3,0.66,0.7567
2012-07,11,Summer,Working day,Clear,2908,2008,900,13,0.8231,0.4415
2012-07,11,Summer,Working day,Light rain / snow,212,161,51,1,0.72,0.74
2012-07,11,Summer,Working day,Mist / cloudy,1553,1114,439,7,0.7886,0.5314
2012-07,12,Summer,Weekend / holiday,Clear,3132,2161,971,7,0.8686,0.42
2012-07,12,Summer,Weekend / holiday,Light rain / snow,457,301,156,1,0.6,0.83
2012-07,12,Summer,Weekend / holiday,Mist / cloudy,1003,644,359,2,0.72,0.68
2012-07,12,Summer,Working day,Clear,3549,2596,953,13,0.84,0.3985
2012-07,12,Summer,Working day,Light rain / snow,274,233,41,1,0.68,0.83
2012-07,12,Summer,Working day,Mist / cloudy,2012,1431,581,7,0.7943,0.4886
2012-07,13,Summer,Weekend / holiday,Clear,2717,1786,931,6,0.88,0.395
2012-07,13,Summer,Weekend / holiday,Light rain / snow,354,248,106,1,0.6,0.83
2012-07,13,Summer,Weekend / holiday,Mist / cloudy,1577,1004,573,3,0.8067,0.5267
2012-07,13,Summer,Working day,Clear,3978,2885,1093,15,0.8547,0.39
2012-07,13,Summer,Working day,Light rain / snow,156,136,20,1,0.68,0.83
2012-07,13,Summer,Working day,Mist / cloudy,1415,1046,369,5,0.8,0.48
2012-07,14,Summer,Weekend / holiday,Clear,4043,2574,1469,8,0.8575,0.4363
2012-07,14,Summer,Weekend / holiday,Mist / cloudy,651,425,226,2,0.78,0.59
2012-07,14,Summer,Working day,Clear,3841,2715,1126,16,0.86,0.3844
2012-07,14,Summer,Working day,Light rain / snow,229,176,53,1,0.7,0.84
2012-07,14,Summer,Working day,Mist / cloudy,1126,818,308,4,0.79,0.5125
2012-07,15,Summer,Weekend / holiday,Clear,3776,2327,1449,8,0.855,0.4263
2012-07,15,Summer,Weekend / holiday,Light rain / snow,678,450,228,2,0.76,0.65
2012-07,15,Summer,Working day,Clear,4182,3124,1058,16,0.84,0.4188
2012-07,15,Summer,Working day,Light rain / snow,194,152,42,1,0.92,0.35
2012-07,15,Summer,Working day,Mist / cloudy,1250,974,276,4,0.79,0.4725
2012-07,16,Summer,Weekend / holiday,Clear,3127,1981,1146,7,0.8714,0.3943
2012-07,16,Summer,Weekend / holiday,Light rain / snow,326,196,130,1,0.6,0.88
2012-07,16,Summer,Weekend / holiday,Mist / cloudy,857,566,291,2,0.76,0.725
2012-07,16,Summer,Working day,Clear,6924,5634,1290,17,0.8306,0.4265
2012-07,16,Summer,Working day,Light rain / snow,386,309,77,1,0.76,0.66
2012-07,16,Summer,Working day,Mist / cloudy,1455,1184,271,3,0.7933,0.4767
2012-07,17,Summer,Weekend / holiday,Clear,3378,2283,1095,8,0.845,0.4475
2012-07,17,Summer,Weekend / holiday,Light rain / snow,699,408,291,2,0.65,0.835
2012-07,17,Summer,Working day,Clear,12982,11403,1579,17,0.8259,0.4276
2012-07,17,Summer,Working day,Light rain / snow,755,669,86,1,0.76,0.66
2012-07,17,Summer,Working day,Mist / cloudy,2272,1937,335,3,0.7733,0.5167
2012-07,18,Summer,Weekend / holiday,Clear,3096,2156,940,8,0.8225,0.4925
2012-07,18,Summer,Weekend / holiday,Light rain / snow,312,228,84,1,0.72,0.79
2012-07,18,Summer,Weekend / holiday,Mist / cloudy,177,126,51,1,0.6,0.88
2012-07,18,Summer,Working day,Clear,12263,10848,1415,16,0.8163,0.4394
2012-07,18,Summer,Working day,Light rain / snow,819,749,70,1,0.7,0.74
2012-07,18,Summer,Working day,Mist / cloudy,2499,2182,317,4,0.795,0.5225
2012-07,19,Summer,Weekend / holiday,Clear,3397,2280,1117,9,0.7778,0.6189
2012-07,19,Summer,Weekend / holiday,Mist / cloudy,238,171,67,1,0.6,0.88
2012-07,19,Summer,Working day,Clear,8762,7431,1331,15,0.8,0.4787
2012-07,19,Summer,Working day,Light rain / snow,1028,883,145,2,0.72,0.68
2012-07,19,Summer,Working day,Mist / cloudy,1918,1602,316,4,0.78,0.55
2012-07,20,Summer,Weekend / holiday,Clear,3008,2051,957,9,0.7667,0.6433
2012-07,20,Summer,Weekend / holiday,Light rain / snow,214,163,51,1,0.6,0.88
2012-07,20,Summer,Working day,Clear,6624,5556,1068,15,0.7787,0.52
2012-07,20,Summer,Working day,Light rain / snow,1163,984,179,4,0.685,0.7275
2012-07,20,Summer,Working day,Mist / cloudy,768,621,147,2,0.8,0.48
2012-07,21,Summer,Weekend / holiday,Clear,2658,1868,790,9,0.7578,0.6544
2012-07,21,Summer,Weekend / holiday,Mist / cloudy,163,134,29,1,0.6,0.88
2012-07,21,Summer,Working day,Clear,5200,4272,928,16,0.7575,0.5713
2012-07,21,Summer,Working day,Light rain / snow,544,485,59,3,0.64,0.87
2012-07,21,Summer,Working day,Mist / cloudy,527,458,69,2,0.72,0.625
2012-07,22,Summer,Weekend / holiday,Clear,1843,1298,545,8,0.745,0.6663
2012-07,22,Summer,Weekend / holiday,Light rain / snow,122,110,12,1,0.74,0.7
2012-07,22,Summer,Weekend / holiday,Mist / cloudy,180,140,40,1,0.6,0.88
2012-07,22,Summer,Working day,Clear,3965,3244,721,16,0.7487,0.5881
2012-07,22,Summer,Working day,Light rain / snow,68,62,6,1,0.66,0.89
2012-07,22,Summer,Working day,Mist / cloudy,728,619,109,4,0.67,0.745
2012-07,23,Summer,Weekend / holiday,Clear,670,508,162,5,0.72,0.734
2012-07,23,Summer,Weekend / holiday,Light rain / snow,233,186,47,2,0.73,0.675
2012-07,23,Summer,Weekend / holiday,Mist / cloudy,543,425,118,3,0.6867,0.7133
2012-07,23,Summer,Working day,Clear,2055,1705,350,13,0.7385,0.6415
2012-07,23,Summer,Working day,Light rain / snow,65,62,3,1,0.66,0.89
2012-07,23,Summer,Working day,Mist / cloudy,1122,943,179,7,0.6771,0.6771
2012-08,0,Summer,Weekend / holiday,Clear,815,654,161,5,0.696,0.73
2012-08,0,Summer,Weekend / holiday,Mist / cloudy,360,309,51,3,0.66,0.7233
2012-08,0,Summer,Working day,Clear,1148,928,220,19,0.6779,0.7395
2012-08,0,Summer,Working day,Mist / cloudy,229,185,44,4,0.645,0.785
2012-08,1,Summer,Weekend / holiday,Clear,703,572,131,6,0.67,0.7667
2012-08,1,Summer,Weekend / holiday,Light rain / snow,92,78,14,1,0.62,0.94
2012-08,1,Summer,Weekend / holiday,Mist / cloudy,115,100,15,1,0.68,0.69
2012-08,1,Summer,Working day,Clear,545,436,109,21,0.6676,0.7633
2012-08,1,Summer,Working day,Mist / cloudy,75,59,16,2,0.62,0.78
2012-08,2,Summer,Weekend / holiday,Clear,243,199,44,3,0.7,0.7433
2012-08,2,Summer,Weekend / holiday,Light rain / snow,128,105,23,2,0.63,0.83
2012-08,2,Summer,Weekend / holiday,Mist / cloudy,314,268,46,3,0.64,0.7733
2012-08,2,Summer,Working day,Clear,266,209,57,20,0.655,0.777
2012-08,2,Summer,Working day,Mist / cloudy,24,21,3,3,0.66,0.8333
2012-08,3,Summer,Weekend / holiday,Clear,187,142,45,5,0.668,0.776
2012-08,3,Summer,Weekend / holiday,Light rain / snow,21,19,2,1,0.62,0.83
2012-08,3,Summer,Weekend / holiday,Mist / cloudy,108,76,32,2,0.63,0.75
2012-08,3,Summer,Working day,Clear,122,108,14,20,0.642,0.7995
2012-08,3,Summer,Working day,Light rain / snow,5,5,0,1,0.72,0.79
2012-08,3,Summer,Working day,Mist / cloudy,12,9,3,2,0.7,0.81
2012-08,4,Summer,Weekend / holiday,Clear,60,45,15,5,0.664,0.756
2012-08,4,Summer,Weekend / holiday,Mist / cloudy,54,42,12,3,0.64,0.7433
2012-08,4,Summer,Working day,Clear,129,113,16,16,0.6338,0.8038
2012-08,4,Summer,Working day,Light rain / snow,7,7,0,1,0.7,0.84
2012-08,4,Summer,Working day,Mist / cloudy,45,39,6,6,0.66,0.8
2012-08,5,Summer,Weekend / holiday,Clear,82,72,10,6,0.6533,0.79
2012-08,5,Summer,Weekend / holiday,Mist / cloudy,25,18,7,2,0.62,0.73
2012-08,5,Summer,Working day,Clear,576,530,46,16,0.6337,0.7956
2012-08,5,Summer,Working day,Light rain / snow,33,29,4,1,0.7,0.84
2012-08,5,Summer,Working day,Mist / cloudy,248,232,16,6,0.6533,0.86
2012-08,6,Summer,Weekend / holiday,Clear,132,102,30,5,0.656,0.798
2012-08,6,Summer,Weekend / holiday,Mist / cloudy,73,58,15,3,0.6267,0.7833
2012-08,6,Summer,Working day,Clear,2196,2114,82,13,0.6231,0.7954
2012-08,6,Summer,Working day,Light rain / snow,108,104,4,2,0.64,0.86
2012-08,6,Summer,Working day,Mist / cloudy,1252,1202,50,8,0.6525,0.8362
2012-08,7,Summer,Weekend / holiday,Clear,334,258,76,6,0.6633,0.785
2012-08,7,Summer,Weekend / holiday,Mist / cloudy,143,117,26,2,0.63,0.735
2012-08,7,Summer,Working day,Clear,4764,4576,188,10,0.65,0.737
2012-08,7,Summer,Working day,Light rain / snow,540,521,19,2,0.68,0.795
2012-08,7,Summer,Working day,Mist / cloudy,4655,4460,195,11,0.6582,0.8073
2012-08,8,Summer,Weekend / holiday,Clear,892,702,190,6,0.69,0.705
2012-08,8,Summer,Weekend / holiday,Mist / cloudy,286,223,63,2,0.65,0.715
2012-08,8,Summer,Working day,Clear,7179,6848,331,10,0.674,0.704
2012-08,8,Summer,Working day,Light rain / snow,119,112,7,1,0.62,0.91
2012-08,8,Summer,Working day,Mist / cloudy,8190,7766,424,12,0.6817,0.7367
2012-08,9,Summer,Weekend / holiday,Clear,1550,1162,388,6,0.7167,0.6583
2012-08,9,Summer,Weekend / holiday,Mist / cloudy,558,412,146,2,0.67,0.715
2012-08,9,Summer,Working day,Clear,3599,3129,470,10,0.706,0.64
2012-08,9,Summer,Working day,Light rain / snow,276,248,28,1,0.7,0.79
2012-08,9,Summer,Working day,Mist / cloudy,4261,3700,561,12,0.7033,0.6883
2012-08,10,Summer,Weekend / holiday,Clear,2360,1635,725,6,0.7467,0.5817
2012-08,10,Summer,Weekend / holiday,Mist / cloudy,867,581,286,2,0.69,0.67
2012-08,10,Summer,Working day,Clear,3380,2434,946,16,0.7288,0.6231
2012-08,10,Summer,Working day,Mist / cloudy,1600,1061,539,7,0.7457,0.5614
2012-08,11,Summer,Weekend / holiday,Clear,2873,1863,1010,6,0.77,0.5467
2012-08,11,Summer,Weekend / holiday,Light rain / snow,272,189,83,1,0.64,0.78
2012-08,11,Summer,Weekend / holiday,Mist / cloudy,457,314,143,1,0.72,0.62
2012-08,11,Summer,Working day,Clear,4325,3024,1301,17,0.7588,0.5118
2012-08,11,Summer,Working day,Light rain / snow,251,178,73,1,0.68,0.79
2012-08,11,Summer,Working day,Mist / cloudy,1232,842,390,5,0.78,0.546
2012-08,12,Summer,Weekend / holiday,Clear,2743,1717,1026,5,0.796,0.448
2012-08,12,Summer,Weekend / holiday,Light rain / snow,1508,954,554,3,0.6933,0.67
2012-08,12,Summer,Working day,Clear,5031,3711,1320,16,0.7863,0.4444
2012-08,12,Summer,Working day,Mist / cloudy,2154,1602,552,7,0.7714,0.5486
2012-08,13,Summer,Weekend / holiday,Clear,2806,1708,1098,5,0.816,0.43
2012-08,13,Summer,Weekend / holiday,Light rain / snow,703,487,216,2,0.65,0.805
2012-08,13,Summer,Weekend / holiday,Mist / cloudy,517,331,186,1,0.72,0.51
2012-08,13,Summer,Working day,Clear,5175,3793,1382,17,0.7953,0.4353
2012-08,13,Summer,Working day,Mist / cloudy,1846,1346,500,6,0.8,0.4983
2012-08,14,Summer,Weekend / holiday,Clear,3090,1918,1172,6,0.79,0.495
2012-08,14,Summer,Weekend / holiday,Light rain / snow,631,440,191,2,0.65,0.69
2012-08,14,Summer,Working day,Clear,5401,3725,1676,19,0.8053,0.4147
2012-08,14,Summer,Working day,Mist / cloudy,1083,748,335,4,0.81,0.485
2012-08,15,Summer,Weekend / holiday,Clear,2674,1574,1100,5,0.82,0.404
2012-08,15,Summer,Weekend / holiday,Light rain / snow,391,259,132,1,0.64,0.89
2012-08,15,Summer,Weekend / holiday,Mist / cloudy,509,341,168,2,0.64,0.69
2012-08,15,Summer,Working day,Clear,6615,4752,1863,21,0.8067,0.4352
2012-08,15,Summer,Working day,Mist / cloudy,628,419,209,2,0.8,0.46
2012-08,16,Summer,Weekend / holiday,Clear,2556,1489,1067,5,0.808,0.416
2012-08,16,Summer,Weekend / holiday,Light rain / snow,173,116,57,1,0.64,0.89
2012-08,16,Summer,Weekend / holiday,Mist / cloudy,790,519,271,2,0.66,0.695
2012-08,16,Summer,Working day,Clear,7811,6199,1612,17,0.8012,0.4288
2012-08,16,Summer,Working day,Light rain / snow,905,702,203,2,0.75,0.605
2012-08,16,Summer,Working day,Mist / cloudy,1936,1494,442,4,0.815,0.425
2012-08,17,Summer,Weekend / holiday,Clear,2247,1443,804,5,0.78,0.484
2012-08,17,Summer,Weekend / holiday,Light rain / snow,512,292,220,1,0.74,0.66
2012-08,17,Summer,Weekend / holiday,Mist / cloudy,746,538,208,2,0.65,0.76
2012-08,17,Summer,Working day,Clear,14088,12276,1812,17,0.7976,0.4276
2012-08,17,Summer,Working day,Light rain / snow,1595,1445,150,2,0.75,0.605
2012-08,17,Summer,Working day,Mist / cloudy,3279,2835,444,4,0.79,0.5525
2012-08,18,Summer,Weekend / holiday,Clear,1535,977,558,3,0.7933,0.3767
2012-08,18,Summer,Weekend / holiday,Light rain / snow,229,154,75,1,0.7,0.74
2012-08,18,Summer,Weekend / holiday,Mist / cloudy,1324,932,392,4,0.66,0.775
2012-08,18,Summer,Working day,Clear,11025,9659,1366,14,0.7757,0.4807
2012-08,18,Summer,Working day,Light rain / snow,1574,1378,196,2,0.71,0.615
2012-08,18,Summer,Working day,Mist / cloudy,5378,4676,702,7,0.7629,0.5714
2012-08,19,Summer,Weekend / holiday,Clear,1535,1044,491,4,0.74,0.5525
2012-08,19,Summer,Weekend / holiday,Mist / cloudy,1262,916,346,4,0.645,0.8225
2012-08,19,Summer,Working day,Clear,9716,8148,1568,16,0.7538,0.5706
2012-08,19,Summer,Working day,Light rain / snow,476,420,56,1,0.62,0.73
2012-08,19,Summer,Working day,Mist / cloudy,2985,2517,468,6,0.7167,0.6567
2012-08,20,Summer,Weekend / holiday,Clear,1357,952,405,5,0.716,0.63
2012-08,20,Summer,Weekend / holiday,Light rain / snow,401,305,96,2,0.64,0.86
2012-08,20,Summer,Weekend / holiday,Mist / cloudy,274,213,61,1,0.64,0.73
2012-08,20,Summer,Working day,Clear,7882,6613,1269,18,0.7256,0.6167
2012-08,20,Summer,Working day,Mist / cloudy,1820,1464,356,5,0.712,0.684
2012-08,21,Summer,Weekend / holiday,Clear,1429,1028,401,6,0.6933,0.6933
2012-08,21,Summer,Weekend / holiday,Light rain / snow,190,154,36,1,0.62,0.78
2012-08,21,Summer,Weekend / holiday,Mist / cloudy,128,102,26,1,0.66,0.89
2012-08,21,Summer,Working day,Clear,5635,4726,909,18,0.7089,0.6472
2012-08,21,Summer,Working day,Mist / cloudy,1492,1203,289,5,0.712,0.656
2012-08,22,Summer,Weekend / holiday,Clear,1164,807,357,6,0.68,0.725
2012-08,22,Summer,Weekend / holiday,Mist / cloudy,224,178,46,2,0.64,0.835
2012-08,22,Summer,Working day,Clear,4188,3440,748,18,0.71,0.6739
2012-08,22,Summer,Working day,Light rain / snow,213,170,43,1,0.66,0.83
2012-08,22,Summer,Working day,Mist / cloudy,869,740,129,4,0.66,0.685
2012-08,23,Summer,Weekend / holiday,Clear,647,480,167,4,0.675,0.6875
2012-08,23,Summer,Weekend / holiday,Light rain / snow,163,121,42,1,0.66,0.78
2012-08,23,Summer,Weekend / holiday,Mist / cloudy,291,221,70,3,0.6533,0.7833
2012-08,23,Summer,Working day,Clear,2901,2386,515,19,0.6968,0.7079
2012-08,23,Summer,Working day,Light rain / snow,121,100,21,1,0.64,0.83
2012-08,23,Summer,Working day,Mist / cloudy,437,365,72,3,0.6467,0.7367
2012-09,0,Fall,Weekend / holiday,Clear,476,392,84,3,0.5533,0.5233
2012-09,0,Fall,Working day,Clear,233,204,29,4,0.525,0.68
2012-09,0,Fall,Working day,Light rain / snow,17,15,2,1,0.6,0.88
2012-09,0,Summer,Weekend / holiday,Clear,848,708,140,5,0.628,0.742
2012-09,0,Summer,Weekend / holiday,Mist / cloudy,327,240,87,3,0.6267,0.8533
2012-09,0,Summer,Working day,Clear,568,448,120,10,0.566,0.691
2012-09,0,Summer,Working day,Light rain / snow,13,11,2,1,0.6,0.94
2012-09,0,Summer,Working day,Mist / cloudy,120,77,43,3,0.6533,0.7867
2012-09,1,Fall,Weekend / holiday,Clear,359,293,66,3,0.5267,0.57
2012-09,1,Fall,Working day,Clear,81,58,23,4,0.52,0.7025
2012-09,1,Fall,Working day,Light rain / snow,13,13,0,1,0.6,0.88
2012-09,1,Summer,Weekend / holiday,Clear,626,519,107,6,0.61,0.76
2012-09,1,Summer,Weekend / holiday,Mist / cloudy,172,144,28,2,0.67,0.89
2012-09,1,Summer,Working day,Clear,272,200,72,11,0.56,0.7409
2012-09,1,Summer,Working day,Light rain / snow,5,5,0,1,0.6,0.94
2012-09,1,Summer,Working day,Mist / cloudy,30,28,2,2,0.62,0.76
2012-09,2,Fall,Weekend / holiday,Clear,187,148,39,2,0.5,0.555
2012-09,2,Fall,Weekend / holiday,Mist / cloudy,92,80,12,1,0.54,0.56
2012-09,2,Fall,Working day,Clear,30,22,8,2,0.51,0.775
2012-09,2,Fall,Working day,Light rain / snow,10,9,1,1,0.6,0.88
2012-09,2,Fall,Working day,Mist / cloudy,25,23,2,2,0.52,0.635
2012-09,2,Summer,Weekend / holiday,Clear,631,506,125,8,0.61,0.8038
2012-09,2,Summer,Working day,Clear,144,107,37,12,0.5717,0.7525
2012-09,2,Summer,Working day,Light rain / snow,4,4,0,1,0.6,0.94
2012-09,2,Summer,Working day,Mist / cloudy,3,3,0,1,0.54,0.64
2012-09,3,Fall,Weekend / holiday,Clear,112,82,30,2,0.47,0.61
2012-09,3,Fall,Weekend / holiday,Mist / cloudy,29,25,4,1,0.52,0.59
2012-09,3,Fall,Working day,Clear,17,15,2,3,0.4933,0.7067
2012-09,3,Fall,Working day,Mist / cloudy,17,13,4,2,0.59,0.735
2012-09,3,Summer,Weekend / holiday,Clear,281,224,57,7,0.6029,0.7786
2012-09,3,Summer,Weekend / holiday,Mist / cloudy,43,40,3,1,0.66,0.89
2012-09,3,Summer,Working day,Clear,99,85,14,11,0.5473,0.7718
2012-09,3,Summer,Working day,Mist / cloudy,21,19,2,3,0.6,0.82
2012-09,4,Fall,Weekend / holiday,Clear,31,23,8,3,0.48,0.6033
2012-09,4,Fall,Working day,Clear,39,33,6,4,0.495,0.7625
2012-09,4,Fall,Working day,Light rain / snow,12,10,2,1,0.56,0.88
2012-09,4,Summer,Weekend / holiday,Clear,96,61,35,6,0.6,0.8
2012-09,4,Summer,Weekend / holiday,Mist / cloudy,17,11,6,2,0.63,0.815
2012-09,4,Summer,Working day,Clear,77,68,9,10,0.532,0.77
2012-09,4,Summer,Working day,Mist / cloudy,33,31,2,4,0.625,0.8375
2012-09,5,Fall,Weekend / holiday,Clear,31,27,4,3,0.4667,0.6467
2012-09,5,Fall,Working day,Clear,224,217,7,5,0.516,0.768
2012-09,5,Summer,Weekend / holiday,Clear,139,112,27,7,0.5943,0.7843
2012-09,5,Summer,Weekend / holiday,Mist / cloudy,15,13,2,1,0.66,0.94
2012-09,5,Summer,Working day,Clear,420,397,23,9,0.5067,0.79
2012-09,5,Summer,Working day,Mist / cloudy,220,210,10,5,0.644,0.818
2012-09,6,Fall,Weekend / holiday,Clear,75,64,11,3,0.46,0.6567
2012-09,6,Fall,Working day,Clear,713,694,19,4,0.5,0.7425
2012-09,6,Fall,Working day,Mist / cloudy,138,136,2,1,0.56,0.94
2012-09,6,Summer,Weekend / holiday,Clear,195,147,48,6,0.5767,0.7567
2012-09,6,Summer,Weekend / holiday,Mist / cloudy,49,39,10,2,0.66,0.89
2012-09,6,Summer,Working day,Clear,1964,1869,95,11,0.5236,0.7791
2012-09,6,Summer,Working day,Mist / cloudy,539,517,22,3,0.6733,0.8733
2012-09,7,Fall,Weekend / holiday,Clear,187,152,35,3,0.46,0.6767
2012-09,7,Fall,Working day,Clear,2176,2121,55,4,0.51,0.7475
2012-09,7,Fall,Working day,Mist / cloudy,394,384,10,1,0.56,0.94
2012-09,7,Summer,Weekend / holiday,Clear,458,363,95,7,0.5943,0.7829
2012-09,7,Summer,Weekend / holiday,Mist / cloudy,66,58,8,1,0.74,0.58
2012-09,7,Summer,Working day,Clear,4731,4531,200,9,0.5267,0.7522
2012-09,7,Summer,Working day,Mist / cloudy,2285,2210,75,5,0.656,0.858
2012-09,8,Fall,Weekend / holiday,Clear,530,437,93,3,0.4867,0.6333
2012-09,8,Fall,Working day,Clear,3892,3739,153,5,0.552,0.698
2012-09,8,Summer,Weekend / holiday,Clear,1087,899,188,6,0.61,0.7033
2012-09,8,Summer,Weekend / holiday,Mist / cloudy,289,225,64,2,0.73,0.71
2012-09,8,Summer,Working day,Clear,8111,7727,384,11,0.5818,0.7118
2012-09,8,Summer,Working day,Light rain / snow,646,622,24,1,0.7,0.79
2012-09,8,Summer,Working day,Mist / cloudy,1438,1355,83,2,0.63,0.805
2012-09,9,Fall,Weekend / holiday,Clear,893,679,214,3,0.5067,0.59
2012-09,9,Fall,Working day,Clear,1406,1279,127,4,0.58,0.5925
2012-09,9,Fall,Working day,Mist / cloudy,426,399,27,1,0.62,0.83
2012-09,9,Summer,Weekend / holiday,Clear,1662,1253,409,5,0.628,0.614
2012-09,9,Summer,Weekend / holiday,Mist / cloudy,698,477,221,3,0.72,0.7533
2012-09,9,Summer,Working day,Clear,3418,3067,351,10,0.61,0.635
2012-09,9,Summer,Working day,Light rain / snow,123,115,8,1,0.66,0.94
2012-09,9,Summer,Working day,Mist / cloudy,963,860,103,3,0.6667,0.8
2012-09,10,Fall,Weekend / holiday,Clear,1440,1008,432,3,0.5533,0.49
2012-09,10,Fall,Working day,Clear,553,427,126,3,0.5667,0.58
2012-09,10,Fall,Working day,Mist / cloudy,453,362,91,2,0.67,0.645
2012-09,10,Summer,Weekend / holiday,Clear,2323,1648,675,5,0.656,0.566
2012-09,10,Summer,Weekend / holiday,Mist / cloudy,1164,743,421,3,0.7467,0.6933
2012-09,10,Summer,Working day,Clear,1654,1285,369,8,0.6225,0.5625
2012-09,10,Summer,Working day,Light rain / snow,209,170,39,2,0.67,0.865
2012-09,10,Summer,Working day,Mist / cloudy,855,611,244,4,0.695,0.685
2012-09,11,Fall,Weekend / holiday,Clear,1824,1199,625,3,0.5733,0.47
2012-09,11,Fall,Working day,Clear,683,503,180,3,0.6,0.48
2012-09,11,Fall,Working day,Mist / cloudy,655,479,176,2,0.69,0.6
2012-09,11,Summer,Weekend / holiday,Clear,2975,2008,967,5,0.68,0.504
2012-09,11,Summer,Weekend / holiday,Mist / cloudy,1440,808,632,3,0.76,0.65
2012-09,11,Summer,Working day,Clear,2076,1584,492,8,0.6525,0.4763
2012-09,11,Summer,Working day,Light rain / snow,62,52,10,1,0.7,0.84
2012-09,11,Summer,Working day,Mist / cloudy,1098,817,281,5,0.7,0.682
2012-09,12,Fall,Weekend / holiday,Clear,2138,1491,647,3,0.6,0.4167
2012-09,12,Fall,Working day,Clear,960,758,202,3,0.62,0.4633
2012-09,12,Fall,Working day,Mist / cloudy,715,558,157,2,0.72,0.51
2012-09,12,Summer,Weekend / holiday,Clear,3501,2331,1170,5,0.7,0.472
2012-09,12,Summer,Weekend / holiday,Light rain / snow,545,297,248,1,0.74,0.7
2012-09,12,Summer,Weekend / holiday,Mist / cloudy,1014,636,378,2,0.78,0.585
2012-09,12,Summer,Working day,Clear,3165,2509,656,10,0.686,0.499
2012-09,12,Summer,Working day,Light rain / snow,88,72,16,1,0.68,0.83
2012-09,12,Summer,Working day,Mist / cloudy,841,649,192,3,0.68,0.6733
2012-09,13,Fall,Weekend / holiday,Clear,1982,1312,670,3,0.6133,0.4
2012-09,13,Fall,Working day,Clear,973,778,195,3,0.6467,0.4533
2012-09,13,Fall,Working day,Mist / cloudy,736,569,167,2,0.72,0.495
2012-09,13,Summer,Weekend / holiday,Clear,3502,2191,1311,5,0.712,0.438
2012-09,13,Summer,Weekend / holiday,Light rain / snow,493,230,263,1,0.72,0.74
2012-09,13,Summer,Weekend / holiday,Mist / cloudy,1070,624,446,2,0.79,0.59
2012-09,13,Summer,Working day,Clear,3509,2687,822,11,0.6982,0.4755
2012-09,13,Summer,Working day,Mist / cloudy,713,550,163,3,0.7067,0.69
2012-09,14,Fall,Weekend / holiday,Clear,2028,1252,776,3,0.6067,0.3967
2012-09,14,Fall,Working day,Clear,873,656,217,3,0.6667,0.3833
2012-09,14,Fall,Working day,Mist / cloudy,657,508,149,2,0.73,0.495
2012-09,14,Summer,Weekend / holiday,Clear,3789,2334,1455,6,0.73,0.455
2012-09,14,Summer,Weekend / holiday,Light rain / snow,457,208,249,1,0.72,0.79
2012-09,14,Summer,Weekend / holiday,Mist / cloudy,514,274,240,1,0.86,0.44
2012-09,14,Summer,Working day,Clear,3097,2320,777,11,0.7164,0.4773
2012-09,14,Summer,Working day,Light rain / snow,143,116,27,1,0.6,0.94
2012-09,14,Summer,Working day,Mist / cloudy,703,461,242,2,0.68,0.55
2012-09,15,Fall,Weekend / holiday,Clear,2016,1250,766,3,0.6133,0.3733
2012-09,15,Fall,Working day,Clear,903,694,209,3,0.6667,0.3833
2012-09,15,Fall,Working day,Mist / cloudy,688,543,145,2,0.72,0.495
2012-09,15,Summer,Weekend / holiday,Clear,2452,1478,974,4,0.71,0.4775
2012-09,15,Summer,Weekend / holiday,Light rain / snow,867,513,354,2,0.65,0.81
2012-09,15,Summer,Weekend / holiday,Mist / cloudy,1217,648,569,2,0.77,0.39
2012-09,15,Summer,Working day,Clear,3505,2719,786,11,0.7182,0.4764
2012-09,15,Summer,Working day,Light rain / snow,36,35,1,1,0.6,0.88
2012-09,15,Summer,Working day,Mist / cloudy,705,529,176,2,0.68,0.565
2012-09,16,Fall,Weekend / holiday,Clear,2061,1330,731,3,0.62,0.3667
2012-09,16,Fall,Working day,Clear,1479,1250,229,3,0.66,0.38
2012-09,16,Fall,Working day,Mist / cloudy,974,818,156,2,0.69,0.54
2012-09,16,Summer,Weekend / holiday,Clear,2951,1889,1062,5,0.708,0.542
2012-09,16,Summer,Weekend / holiday,Light rain / snow,114,95,19,1,0.56,0.88
2012-09,16,Summer,Weekend / holiday,Mist / cloudy,1245,686,559,2,0.75,0.425
2012-09,16,Summer,Working day,Clear,5288,4398,890,11,0.7109,0.49
2012-09,16,Summer,Working day,Light rain / snow,141,122,19,1,0.6,0.88
2012-09,16,Summer,Working day,Mist / cloudy,1016,833,183,2,0.68,0.6
2012-09,17,Fall,Weekend / holiday,Clear,2010,1332,678,3,0.5933,0.36
2012-09,17,Fall,Working day,Clear,2818,2545,273,3,0.66,0.39
2012-09,17,Fall,Working day,Mist / cloudy,1713,1525,188,2,0.66,0.615
2012-09,17,Summer,Weekend / holiday,Clear,2888,1903,985,5,0.72,0.53
2012-09,17,Summer,Weekend / holiday,Light rain / snow,171,119,52,1,0.58,0.83
2012-09,17,Summer,Weekend / holiday,Mist / cloudy,1192,692,500,2,0.74,0.44
2012-09,17,Summer,Working day,Clear,10551,9288,1263,12,0.705,0.505
2012-09,17,Summer,Working day,Light rain / snow,338,302,36,1,0.6,0.88
2012-09,17,Summer,Working day,Mist / cloudy,842,740,102,1,0.64,0.65
2012-09,18,Fall,Weekend / holiday,Clear,1535,1135,400,3,0.54,0.4733
2012-09,18,Fall,Working day,Clear,2559,2331,228,3,0.64,0.42
2012-09,18,Fall,Working day,Mist / cloudy,1566,1431,135,2,0.65,0.595
2012-09,18,Summer,Weekend / holiday,Clear,2621,1802,819,5,0.696,0.56
2012-09,18,Summer,Weekend / holiday,Light rain / snow,167,140,27,1,0.58,0.83
2012-09,18,Summer,Weekend / holiday,Mist / cloudy,1056,640,416,2,0.73,0.44
2012-09,18,Summer,Working day,Clear,10384,9193,1191,12,0.68,0.5467
2012-09,18,Summer,Working day,Mist / cloudy,1055,970,85,2,0.61,0.805
2012-09,19,Fall,Weekend / holiday,Clear,883,682,201,2,0.52,0.485
2012-09,19,Fall,Weekend / holiday,Light rain / snow,257,223,34,1,0.5,0.72
2012-09,19,Fall,Working day,Clear,2315,2124,191,4,0.625,0.52
2012-09,19,Fall,Working day,Light rain / snow,508,470,38,1,0.62,0.5
2012-09,19,Summer,Weekend / holiday,Clear,2158,1592,566,5,0.664,0.518
2012-09,19,Summer,Weekend / holiday,Light rain / snow,607,422,185,2,0.68,0.75
2012-09,19,Summer,Weekend / holiday,Mist / cloudy,292,152,140,1,0.7,0.84
2012-09,19,Summer,Working day,Clear,7259,6417,842,12,0.6583,0.5792
2012-09,19,Summer,Working day,Mist / cloudy,810,737,73,2,0.61,0.805
2012-09,20,Fall,Weekend / holiday,Clear,567,419,148,2,0.52,0.485
2012-09,20,Fall,Weekend / holiday,Light rain / snow,194,163,31,1,0.5,0.72
2012-09,20,Fall,Working day,Clear,1291,1157,134,3,0.5933,0.59
2012-09,20,Fall,Working day,Light rain / snow,336,304,32,1,0.6,0.53
2012-09,20,Fall,Working day,Mist / cloudy,457,412,45,1,0.64,0.69
2012-09,20,Summer,Weekend / holiday,Clear,1596,1205,391,5,0.648,0.534
2012-09,20,Summer,Weekend / holiday,Light rain / snow,207,140,67,1,0.76,0.67
2012-09,20,Summer,Weekend / holiday,Mist / cloudy,298,207,91,2,0.64,0.86
2012-09,20,Summer,Working day,Clear,4977,4398,579,12,0.635,0.635
2012-09,20,Summer,Working day,Mist / cloudy,630,579,51,2,0.61,0.805
2012-09,21,Fall,Weekend / holiday,Clear,415,323,92,2,0.51,0.615
2012-09,21,Fall,Weekend / holiday,Mist / cloudy,196,145,51,1,0.52,0.48
2012-09,21,Fall,Working day,Clear,913,821,92,3,0.5867,0.5733
2012-09,21,Fall,Working day,Light rain / snow,490,440,50,2,0.61,0.68
2012-09,21,Summer,Weekend / holiday,Clear,1309,943,366,6,0.6367,0.595
2012-09,21,Summer,Weekend / holiday,Light rain / snow,104,83,21,1,0.64,0.89
2012-09,21,Summer,Weekend / holiday,Mist / cloudy,181,155,26,1,0.6,0.83
2012-09,21,Summer,Working day,Clear,3602,3218,384,12,0.62,0.6825
2012-09,21,Summer,Working day,Light rain / snow,233,205,28,1,0.62,0.83
2012-09,21,Summer,Working day,Mist / cloudy,207,186,21,1,0.6,0.88
2012-09,22,Fall,Weekend / holiday,Clear,450,347,103,3,0.5,0.61
2012-09,22,Fall,Working day,Clear,360,328,32,2,0.55,0.535
2012-09,22,Fall,Working day,Light rain / snow,262,239,23,2,0.62,0.76
2012-09,22,Fall,Working day,Mist / cloudy,220,190,30,1,0.58,0.53
2012-09,22,Summer,Weekend / holiday,Clear,834,611,223,4,0.58,0.565
2012-09,22,Summer,Weekend / holiday,Light rain / snow,166,100,66,1,0.68,0.83
2012-09,22,Summer,Weekend / holiday,Mist / cloudy,393,337,56,3,0.6467,0.8367
2012-09,22,Summer,Working day,Clear,2792,2407,385,12,0.61,0.7108
2012-09,22,Summer,Working day,Light rain / snow,280,246,34,2,0.6,0.83
2012-09,23,Fall,Weekend / holiday,Clear,253,210,43,2,0.49,0.655
2012-09,23,Fall,Weekend / holiday,Mist / cloudy,100,70,30,1,0.5,0.59
2012-09,23,Fall,Working day,Clear,192,172,20,2,0.53,0.595
2012-09,23,Fall,Working day,Light rain / snow,45,44,1,1,0.62,0.83
2012-09,23,Fall,Working day,Mist / cloudy,305,266,39,2,0.58,0.67
2012-09,23,Summer,Weekend / holiday,Clear,731,562,169,5,0.584,0.638
2012-09,23,Summer,Weekend / holiday,Light rain / snow,123,70,53,1,0.66,0.89
2012-09,23,Summer,Weekend / holiday,Mist / cloudy,203,179,24,2,0.64,0.785
2012-09,23,Summer,Working day,Clear,1819,1578,241,12,0.5983,0.7358
2012-09,23,Summer,Working day,Light rain / snow,70,66,4,1,0.6,0.94
2012-09,23,Summer,Working day,Mist / cloudy,78,67,11,1,0.56,0.83
2012-10,0,Fall,Weekend / holiday,Clear,1148,979,169,8,0.4425,0.7162
2012-10,0,Fall,Weekend / holiday,Light rain / snow,117,97,20,1,0.52,0.68
2012-10,0,Fall,Working day,Clear,525,471,54,10,0.456,0.712
2012-10,0,Fall,Working day,Light rain / snow,150,132,18,3,0.5667,0.9033
2012-10,0,Fall,Working day,Mist / cloudy,362,305,57,8,0.495,0.7763
2012-10,1,Fall,Weekend / holiday,Clear,757,640,117,7,0.4257,0.6914
2012-10,1,Fall,Weekend / holiday,Mist / cloudy,279,234,45,2,0.5,0.8
2012-10,1,Fall,Working day,Clear,239,204,35,11,0.4618,0.6973
2012-10,1,Fall,Working day,Light rain / snow,29,25,4,2,0.45,0.875
2012-10,1,Fall,Working day,Mist / cloudy,136,120,16,7,0.52,0.8371
2012-10,2,Fall,Weekend / holiday,Clear,507,413,94,7,0.4143,0.6986
2012-10,2,Fall,Weekend / holiday,Mist / cloudy,206,170,36,2,0.5,0.78
2012-10,2,Fall,Working day,Clear,132,106,26,12,0.47,0.7325
2012-10,2,Fall,Working day,Light rain / snow,7,5,2,1,0.36,0.87
2012-10,2,Fall,Working day,Mist / cloudy,61,51,10,7,0.5086,0.8286
2012-10,3,Fall,Weekend / holiday,Clear,205,177,28,7,0.4171,0.76
2012-10,3,Fall,Weekend / holiday,Mist / cloudy,101,78,23,2,0.47,0.625
2012-10,3,Fall,Working day,Clear,57,50,7,10,0.432,0.731
2012-10,3,Fall,Working day,Light rain / snow,3,3,0,1,0.36,0.87
2012-10,3,Fall,Working day,Mist / cloudy,62,49,13,9,0.52,0.8567
2012-10,4,Fall,Weekend / holiday,Clear,80,54,26,6,0.3967,0.7583
2012-10,4,Fall,Weekend / holiday,Mist / cloudy,44,37,7,3,0.48,0.6833
2012-10,4,Fall,Working day,Clear,75,72,3,10,0.424,0.741
2012-10,4,Fall,Working day,Light rain / snow,7,6,1,1,0.36,0.87
2012-10,4,Fall,Working day,Mist / cloudy,68,60,8,9,0.5244,0.86
2012-10,5,Fall,Weekend / holiday,Clear,74,53,21,6,0.3933,0.75
2012-10,5,Fall,Weekend / holiday,Mist / cloudy,47,37,10,3,0.48,0.6633
2012-10,5,Fall,Working day,Clear,397,383,14,9,0.4289,0.7433
2012-10,5,Fall,Working day,Light rain / snow,39,37,2,1,0.64,0.89
2012-10,5,Fall,Working day,Mist / cloudy,382,367,15,10,0.482,0.846
2012-10,6,Fall,Weekend / holiday,Clear,198,169,29,6,0.4,0.7333
2012-10,6,Fall,Weekend / holiday,Mist / cloudy,93,80,13,3,0.48,0.65
2012-10,6,Fall,Working day,Clear,1688,1637,51,11,0.4036,0.7718
2012-10,6,Fall,Working day,Light rain / snow,443,434,9,3,0.58,0.9033
2012-10,6,Fall,Working day,Mist / cloudy,957,937,20,6,0.5067,0.855
2012-10,7,Fall,Weekend / holiday,Clear,412,356,56,6,0.4233,0.755
2012-10,7,Fall,Weekend / holiday,Light rain / snow,35,29,6,1,0.42,0.58
2012-10,7,Fall,Weekend / holiday,Mist / cloudy,219,199,20,2,0.42,0.675
2012-10,7,Fall,Working day,Clear,5125,4978,147,11,0.42,0.7691
2012-10,7,Fall,Working day,Light rain / snow,414,405,9,2,0.56,0.885
2012-10,7,Fall,Working day,Mist / cloudy,3166,3082,84,7,0.5143,0.8443
2012-10,8,Fall,Weekend / holiday,Clear,1061,894,167,6,0.4533,0.7067
2012-10,8,Fall,Weekend / holiday,Light rain / snow,62,51,11,1,0.42,0.67
2012-10,8,Fall,Weekend / holiday,Mist / cloudy,570,492,78,2,0.43,0.65
2012-10,8,Fall,Working day,Clear,6923,6664,259,9,0.4644,0.71
2012-10,8,Fall,Working day,Light rain / snow,134,128,6,1,0.6,0.88
2012-10,8,Fall,Working day,Mist / cloudy,7402,7132,270,10,0.508,0.805
2012-10,9,Fall,Weekend / holiday,Clear,1621,1174,447,5,0.484,0.628
2012-10,9,Fall,Weekend / holiday,Light rain / snow,86,70,16,1,0.4,0.71
2012-10,9,Fall,Weekend / holiday,Mist / cloudy,885,640,245,3,0.4533,0.6267
2012-10,9,Fall,Working day,Clear,2517,2297,220,7,0.4743,0.5657
2012-10,9,Fall,Working day,Light rain / snow,445,411,34,2,0.59,0.785
2012-10,9,Fall,Working day,Mist / cloudy,4054,3684,370,11,0.5218,0.8
2012-10,10,Fall,Weekend / holiday,Clear,2659,1786,873,6,0.52,0.5683
2012-10,10,Fall,Weekend / holiday,Mist / cloudy,917,687,230,3,0.4267,0.62
2012-10,10,Fall,Working day,Clear,2133,1664,469,10,0.528,0.551
2012-10,10,Fall,Working day,Light rain / snow,45,42,3,1,0.58,0.88
2012-10,10,Fall,Working day,Mist / cloudy,1772,1400,372,9,0.5422,0.7756
2012-10,11,Fall,Weekend / holiday,Clear,3412,2214,1198,6,0.54,0.52
2012-10,11,Fall,Weekend / holiday,Mist / cloudy,1106,848,258,3,0.44,0.6133
2012-10,11,Fall,Working day,Clear,2841,2174,667,11,0.5745,0.5264
2012-10,11,Fall,Working day,Light rain / snow,99,92,7,1,0.58,0.94
2012-10,11,Fall,Working day,Mist / cloudy,1889,1407,482,8,0.5375,0.6825
2012-10,12,Fall,Weekend / holiday,Clear,3924,2393,1531,6,0.5767,0.455
2012-10,12,Fall,Weekend / holiday,Mist / cloudy,1224,932,292,3,0.44,0.6433
2012-10,12,Fall,Working day,Clear,2743,2164,579,8,0.5625,0.495
2012-10,12,Fall,Working day,Light rain / snow,284,211,73,1,0.6,0.78
2012-10,12,Fall,Working day,Mist / cloudy,3456,2756,700,11,0.5909,0.6064
2012-10,13,Fall,Weekend / holiday,Clear,3389,2110,1279,5,0.564,0.4
2012-10,13,Fall,Weekend / holiday,Mist / cloudy,1826,1279,547,4,0.495,0.625
2012-10,13,Fall,Working day,Clear,3262,2530,732,10,0.578,0.469
2012-10,13,Fall,Working day,Light rain / snow,116,105,11,1,0.3,0.81
2012-10,13,Fall,Working day,Mist / cloudy,2679,2126,553,10,0.6,0.657
2012-10,14,Fall,Weekend / holiday,Clear,3315,1928,1387,5,0.572,0.386
2012-10,14,Fall,Weekend / holiday,Mist / cloudy,1712,1153,559,4,0.49,0.6
2012-10,14,Fall,Working day,Clear,3494,2618,876,11,0.6327,0.4345
2012-10,14,Fall,Working day,Light rain / snow,289,265,24,2,0.45,0.845
2012-10,14,Fall,Working day,Mist / cloudy,2054,1527,527,8,0.5825,0.5775
2012-10,15,Fall,Weekend / holiday,Clear,3137,1846,1291,5,0.576,0.398
2012-10,15,Fall,Weekend / holiday,Light rain / snow,676,526,150,2,0.42,0.675
2012-10,15,Fall,Weekend / holiday,Mist / cloudy,1012,626,386,2,0.53,0.615
2012-10,15,Fall,Working day,Clear,4515,3442,1073,13,0.6092,0.4777
2012-10,15,Fall,Working day,Light rain / snow,333,309,24,2,0.46,0.85
2012-10,15,Fall,Working day,Mist / cloudy,2004,1518,486,6,0.61,0.5533
2012-10,16,Fall,Weekend / holiday,Clear,3159,1838,1321,5,0.564,0.388
2012-10,16,Fall,Weekend / holiday,Light rain / snow,1003,813,190,3,0.4333,0.69
2012-10,16,Fall,Weekend / holiday,Mist / cloudy,612,355,257,1,0.56,0.64
2012-10,16,Fall,Working day,Clear,6603,5430,1173,13,0.6062,0.46
2012-10,16,Fall,Working day,Light rain / snow,1037,845,192,3,0.5133,0.8133
2012-10,16,Fall,Working day,Mist / cloudy,2367,2016,351,5,0.568,0.606
2012-10,17,Fall,Weekend / holiday,Clear,2899,1745,1154,5,0.54,0.414
2012-10,17,Fall,Weekend / holiday,Light rain / snow,382,310,72,2,0.43,0.795
2012-10,17,Fall,Weekend / holiday,Mist / cloudy,1115,786,329,2,0.49,0.65
2012-10,17,Fall,Working day,Clear,11636,10298,1338,13,0.6015,0.4823
2012-10,17,Fall,Working day,Light rain / snow,2120,1950,170,4,0.525,0.76
2012-10,17,Fall,Working day,Mist / cloudy,3236,2897,339,4,0.515,0.665
2012-10,18,Fall,Weekend / holiday,Clear,2355,1628,727,5,0.52,0.46
2012-10,18,Fall,Weekend / holiday,Light rain / snow,260,218,42,2,0.41,0.88
2012-10,18,Fall,Weekend / holiday,Mist / cloudy,912,733,179,2,0.49,0.65
2012-10,18,Fall,Working day,Clear,9026,8205,821,12,0.5717,0.5742
2012-10,18,Fall,Working day,Light rain / snow,2035,1889,146,4,0.505,0.805
2012-10,18,Fall,Working day,Mist / cloudy,3665,3405,260,5,0.516,0.642
2012-10,19,Fall,Weekend / holiday,Clear,1620,1250,370,5,0.496,0.5
2012-10,19,Fall,Weekend / holiday,Light rain / snow,54,47,7,1,0.42,0.94
2012-10,19,Fall,Weekend / holiday,Mist / cloudy,785,663,122,3,0.44,0.75
2012-10,19,Fall,Working day,Clear,5680,5162,518,11,0.5491,0.6245
2012-10,19,Fall,Working day,Light rain / snow,634,595,39,2,0.57,0.885
2012-10,19,Fall,Working day,Mist / cloudy,3677,3384,293,8,0.53,0.635
2012-10,20,Fall,Weekend / holiday,Clear,1318,1023,295,6,0.4667,0.5783
2012-10,20,Fall,Weekend / holiday,Light rain / snow,282,258,24,2,0.41,0.825
2012-10,20,Fall,Weekend / holiday,Mist / cloudy,296,238,58,1,0.52,0.72
2012-10,20,Fall,Working day,Clear,4282,3874,408,11,0.5327,0.6291
2012-10,20,Fall,Working day,Light rain / snow,568,537,31,2,0.58,0.81
2012-10,20,Fall,Working day,Mist / cloudy,2451,2236,215,8,0.495,0.7188
2012-10,21,Fall,Weekend / holiday,Clear,1190,889,301,6,0.4467,0.63
2012-10,21,Fall,Weekend / holiday,Light rain / snow,46,44,2,1,0.44,0.88
2012-10,21,Fall,Weekend / holiday,Mist / cloudy,360,294,66,2,0.46,0.74
2012-10,21,Fall,Working day,Clear,2712,2435,277,11,0.5018,0.6555
2012-10,21,Fall,Working day,Light rain / snow,289,265,24,1,0.62,0.94
2012-10,21,Fall,Working day,Mist / cloudy,2067,1873,194,9,0.5111,0.7378
2012-10,22,Fall,Weekend / holiday,Clear,893,705,188,6,0.44,0.6483
2012-10,22,Fall,Weekend / holiday,Light rain / snow,144,136,8,2,0.42,0.82
2012-10,22,Fall,Weekend / holiday,Mist / cloudy,157,116,41,1,0.52,0.72
2012-10,22,Fall,Working day,Clear,2591,2314,277,14,0.4786,0.675
2012-10,22,Fall,Working day,Light rain / snow,207,190,17,1,0.54,0.77
2012-10,22,Fall,Working day,Mist / cloudy,1293,1142,151,6,0.55,0.8067
2012-10,23,Fall,Weekend / holiday,Clear,613,503,110,5,0.416,0.65
2012-10,23,Fall,Weekend / holiday,Light rain / snow,14,12,2,1,0.42,0.94
2012-10,23,Fall,Weekend / holiday,Mist / cloudy,341,274,67,3,0.4933,0.69
2012-10,23,Fall,Working day,Clear,1850,1653,197,14,0.4543,0.7093
2012-10,23,Fall,Working day,Light rain / snow,105,88,17,1,0.54,0.77
2012-10,23,Fall,Working day,Mist / cloudy,777,706,71,6,0.57,0.805
2012-11,0,Fall,Weekend / holiday,Clear,733,657,76,9,0.3289,0.6044
2012-11,0,Fall,Weekend / holiday,Mist / cloudy,129,118,11,1,0.3,0.7
2012-11,0,Fall,Working day,Clear,426,373,53,12,0.2967,0.63
2012-11,0,Fall,Working day,Light rain / snow,15,14,1,1,0.28,0.61
2012-11,0,Fall,Working day,Mist / cloudy,477,409,68,7,0.3257,0.6671
2012-11,1,Fall,Weekend / holiday,Clear,659,558,101,9,0.3,0.6611
2012-11,1,Fall,Weekend / holiday,Mist / cloudy,89,83,6,1,0.34,0.49
2012-11,1,Fall,Working day,Clear,179,151,28,11,0.2745,0.6773
2012-11,1,Fall,Working day,Light rain / snow,17,16,1,2,0.37,0.7
2012-11,1,Fall,Working day,Mist / cloudy,174,161,13,7,0.2971,0.6543
2012-11,2,Fall,Weekend / holiday,Clear,371,315,56,9,0.2956,0.6811
2012-11,2,Fall,Weekend / holiday,Mist / cloudy,46,36,10,1,0.34,0.49
2012-11,2,Fall,Working day,Clear,82,62,20,10,0.264,0.68
2012-11,2,Fall,Working day,Light rain / snow,11,4,7,1,0.36,0.87
2012-11,2,Fall,Working day,Mist / cloudy,118,109,9,9,0.3,0.6533
2012-11,3,Fall,Weekend / holiday,Clear,129,101,28,8,0.29,0.655
2012-11,3,Fall,Weekend / holiday,Mist / cloudy,74,59,15,2,0.32,0.65
2012-11,3,Fall,Working day,Clear,48,38,10,9,0.2667,0.6822
2012-11,3,Fall,Working day,Light rain / snow,9,6,3,2,0.34,0.785
2012-11,3,Fall,Working day,Mist / cloudy,30,27,3,7,0.3,0.6429
2012-11,4,Fall,Weekend / holiday,Clear,45,31,14,8,0.2725,0.68
2012-11,4,Fall,Weekend / holiday,Mist / cloudy,28,16,12,2,0.31,0.65
2012-11,4,Fall,Working day,Clear,68,66,2,9,0.2467,0.7133
2012-11,4,Fall,Working day,Light rain / snow,5,5,0,1,0.3,0.81
2012-11,4,Fall,Working day,Mist / cloudy,86,77,9,10,0.312,0.628
2012-11,5,Fall,Weekend / holiday,Clear,85,74,11,8,0.28,0.7412
2012-11,5,Fall,Weekend / holiday,Mist / cloudy,12,11,1,2,0.27,0.48
2012-11,5,Fall,Working day,Clear,268,263,5,8,0.25,0.7213
2012-11,5,Fall,Working day,Mist / cloudy,402,391,11,12,0.3017,0.6433
2012-11,6,Fall,Weekend / holiday,Clear,185,163,22,8,0.2775,0.7413
2012-11,6,Fall,Weekend / holiday,Mist / cloudy,32,27,5,2,0.27,0.48
2012-11,6,Fall,Working day,Clear,1292,1265,27,11,0.2564,0.6918
2012-11,6,Fall,Working day,Light rain / snow,50,48,2,1,0.32,0.81
2012-11,6,Fall,Working day,Mist / cloudy,1049,1025,24,8,0.3025,0.6425
2012-11,7,Fall,Weekend / holiday,Clear,629,558,71,7,0.28,0.7914
2012-11,7,Fall,Weekend / holiday,Mist / cloudy,105,98,7,3,0.2667,0.47
2012-11,7,Fall,Working day,Clear,3413,3334,79,10,0.246,0.688
2012-11,7,Fall,Working day,Light rain / snow,400,395,5,2,0.31,0.84
2012-11,7,Fall,Working day,Mist / cloudy,3129,3079,50,8,0.305,0.6
2012-11,8,Fall,Weekend / holiday,Clear,1338,1137,201,7,0.3086,0.7371
2012-11,8,Fall,Weekend / holiday,Mist / cloudy,238,219,19,3,0.2733,0.47
2012-11,8,Fall,Working day,Clear,6095,5916,179,10,0.27,0.624
2012-11,8,Fall,Working day,Light rain / snow,711,701,10,2,0.32,0.84
2012-11,8,Fall,Working day,Mist / cloudy,5229,5097,132,8,0.3,0.6375
2012-11,9,Fall,Weekend / holiday,Clear,1717,1342,375,7,0.3486,0.6686
2012-11,9,Fall,Weekend / holiday,Mist / cloudy,437,367,70,3,0.28,0.46
2012-11,9,Fall,Working day,Clear,3744,3474,270,12,0.295,0.58
2012-11,9,Fall,Working day,Light rain / snow,441,419,22,2,0.34,0.69
2012-11,9,Fall,Working day,Mist / cloudy,1820,1711,109,6,0.32,0.6517
2012-11,10,Fall,Weekend / holiday,Clear,2716,2053,663,9,0.3644,0.5733
2012-11,10,Fall,Weekend / holiday,Mist / cloudy,142,96,46,1,0.26,0.44
2012-11,10,Fall,Working day,Clear,2162,1801,361,12,0.3283,0.5075
2012-11,10,Fall,Working day,Light rain / snow,297,269,28,3,0.3267,0.7267
2012-11,10,Fall,Working day,Mist / cloudy,815,702,113,5,0.332,0.638
2012-11,11,Fall,Weekend / holiday,Clear,2796,1966,830,7,0.42,0.5443
2012-11,11,Fall,Weekend / holiday,Mist / cloudy,730,570,160,3,0.3,0.4267
2012-11,11,Fall,Working day,Clear,2464,1976,488,13,0.3646,0.4531
2012-11,11,Fall,Working day,Light rain / snow,235,215,20,2,0.33,0.745
2012-11,11,Fall,Working day,Mist / cloudy,916,764,152,5,0.36,0.596
2012-11,12,Fall,Weekend / holiday,Clear,3294,2251,1043,7,0.4514,0.49
2012-11,12,Fall,Weekend / holiday,Mist / cloudy,795,631,164,3,0.3067,0.41
2012-11,12,Fall,Working day,Clear,3384,2786,598,13,0.3862,0.4154
2012-11,12,Fall,Working day,Light rain / snow,297,268,29,2,0.33,0.745
2012-11,12,Fall,Working day,Mist / cloudy,1248,1065,183,5,0.376,0.58
2012-11,13,Fall,Weekend / holiday,Clear,3716,2475,1241,8,0.4575,0.4425
2012-11,13,Fall,Weekend / holiday,Mist / cloudy,644,497,147,2,0.31,0.435
2012-11,13,Fall,Working day,Clear,3726,2972,754,14,0.4,0.3964
2012-11,13,Fall,Working day,Light rain / snow,77,73,4,1,0.28,0.87
2012-11,13,Fall,Working day,Mist / cloudy,1175,1013,162,5,0.388,0.526
2012-11,14,Fall,Weekend / holiday,Clear,3644,2306,1338,8,0.4675,0.415
2012-11,14,Fall,Weekend / holiday,Mist / cloudy,658,489,169,2,0.33,0.46
2012-11,14,Fall,Working day,Clear,3183,2457,726,13,0.4108,0.3854
2012-11,14,Fall,Working day,Light rain / snow,94,86,8,1,0.28,0.87
2012-11,14,Fall,Working day,Mist / cloudy,1284,1071,213,6,0.39,0.4917
2012-11,15,Fall,Weekend / holiday,Clear,3749,2487,1262,9,0.44,0.4244
2012-11,15,Fall,Weekend / holiday,Mist / cloudy,448,331,117,1,0.36,0.46
2012-11,15,Fall,Working day,Clear,3618,2924,694,13,0.4092,0.3862
2012-11,15,Fall,Working day,Mist / cloudy,1673,1437,236,7,0.3829,0.5329
2012-11,16,Fall,Weekend / holiday,Clear,3176,2170,1006,8,0.435,0.4163
2012-11,16,Fall,Weekend / holiday,Mist / cloudy,772,605,167,2,0.38,0.54
2012-11,16,Fall,Working day,Clear,5265,4749,516,14,0.3943,0.3836
2012-11,16,Fall,Working day,Mist / cloudy,1968,1667,301,6,0.38,0.57
2012-11,17,Fall,Weekend / holiday,Clear,2736,2072,664,8,0.415,0.4425
2012-11,17,Fall,Weekend / holiday,Mist / cloudy,690,530,160,2,0.37,0.56
2012-11,17,Fall,Working day,Clear,7553,7123,430,13,0.3646,0.4146
2012-11,17,Fall,Working day,Light rain / snow,689,652,37,1,0.4,0.5
2012-11,17,Fall,Working day,Mist / cloudy,3116,2878,238,6,0.38,0.5883
2012-11,18,Fall,Weekend / holiday,Clear,2455,2037,418,9,0.3867,0.5056
2012-11,18,Fall,Weekend / holiday,Mist / cloudy,297,239,58,1,0.36,0.46
2012-11,18,Fall,Working day,Clear,6066,5789,277,12,0.3467,0.4808
2012-11,18,Fall,Working day,Mist / cloudy,4085,3869,216,8,0.3825,0.54
2012-11,19,Fall,Weekend / holiday,Clear,2096,1800,296,10,0.378,0.549
2012-11,19,Fall,Working day,Clear,4633,4401,232,13,0.3262,0.5177
2012-11,19,Fall,Working day,Mist / cloudy,2475,2300,175,7,0.3829,0.5514
2012-11,20,Fall,Weekend / holiday,Clear,1072,913,159,8,0.34,0.5787
2012-11,20,Fall,Weekend / holiday,Mist / cloudy,476,415,61,2,0.43,0.715
2012-11,20,Fall,Working day,Clear,3518,3298,220,15,0.3333,0.5287
2012-11,20,Fall,Working day,Mist / cloudy,1267,1212,55,5,0.364,0.574
2012-11,21,Fall,Weekend / holiday,Clear,939,760,179,8,0.335,0.5713
2012-11,21,Fall,Weekend / holiday,Light rain / snow,155,145,10,1,0.54,0.73
2012-11,21,Fall,Weekend / holiday,Mist / cloudy,139,124,15,1,0.32,0.57
2012-11,21,Fall,Working day,Clear,2502,2340,162,14,0.3257,0.5686
2012-11,21,Fall,Working day,Mist / cloudy,1127,1021,106,6,0.3433,0.5417
2012-11,22,Fall,Weekend / holiday,Clear,846,728,118,8,0.3425,0.6162
2012-11,22,Fall,Weekend / holiday,Mist / cloudy,219,196,23,2,0.34,0.615
2012-11,22,Fall,Working day,Clear,2331,2142,189,17,0.3188,0.5841
2012-11,22,Fall,Working day,Light rain / snow,60,56,4,1,0.3,0.56
2012-11,22,Fall,Working day,Mist / cloudy,306,279,27,2,0.31,0.61
2012-11,23,Fall,Weekend / holiday,Clear,596,515,81,7,0.3171,0.64
2012-11,23,Fall,Weekend / holiday,Mist / cloudy,249,217,32,3,0.38,0.6767
2012-11,23,Fall,Working day,Clear,1534,1401,133,15,0.3107,0.5913
2012-11,23,Fall,Working day,Light rain / snow,40,37,3,1,0.28,0.65
2012-11,23,Fall,Working day,Mist / cloudy,367,338,29,4,0.3,0.7075
2012-12,0,Fall,Weekend / holiday,Clear,202,189,13,2,0.28,0.755
2012-12,0,Fall,Weekend / holiday,Mist / cloudy,448,411,37,4,0.355,0.8225
2012-12,0,Fall,Working day,Clear,348,319,29,8,0.32,0.6288
2012-12,0,Fall,Working day,Light rain / snow,51,49,2,2,0.41,0.885
2012-12,0,Fall,Working day,Mist / cloudy,99,93,6,4,0.38,0.7875
2012-12,0,Winter,Weekend / holiday,Clear,58,54,4,2,0.24,0.455
2012-12,0,Winter,Weekend / holiday,Light rain / snow,13,10,3,1,0.24,0.93
2012-12,0,Winter,Weekend / holiday,Mist / cloudy,67,66,1,2,0.25,0.65
2012-12,0,Winter,Working day,Clear,46,42,4,2,0.2,0.62
2012-12,0,Winter,Working day,Light rain / snow,20,20,0,2,0.34,0.875
2012-12,0,Winter,Working day,Mist / cloudy,34,30,4,2,0.26,0.625
2012-12,1,Fall,Weekend / holiday,Clear,69,64,5,1,0.26,0.81
2012-12,1,Fall,Weekend / holiday,Light rain / snow,96,82,14,1,0.34,0.76
2012-12,1,Fall,Weekend / holiday,Mist / cloudy,391,339,52,4,0.33,0.87
2012-12,1,Fall,Working day,Clear,155,144,11,9,0.3489,0.6656
2012-12,1,Fall,Working day,Mist / cloudy,85,78,7,5,0.34,0.806
2012-12,1,Winter,Weekend / holiday,Clear,55,53,2,2,0.24,0.455
2012-12,1,Winter,Weekend / holiday,Mist / cloudy,78,71,7,3,0.2533,0.7267
2012-12,1,Winter,Working day,Clear,39,33,6,3,0.2133,0.6133
2012-12,1,Winter,Working day,Light rain / snow,14,12,2,2,0.34,0.905
2012-12,1,Winter,Working day,Mist / cloudy,7,7,0,1,0.26,0.65
2012-12,2,Fall,Weekend / holiday,Clear,69,63,6,1,0.26,0.81
2012-12,2,Fall,Weekend / holiday,Mist / cloudy,359,335,24,5,0.332,0.87
2012-12,2,Fall,Working day,Clear,65,48,17,8,0.33,0.675
2012-12,2,Fall,Working day,Mist / cloudy,37,29,8,6,0.3533,0.78
2012-12,2,Winter,Weekend / holiday,Clear,41,40,1,2,0.23,0.475
2012-12,2,Winter,Weekend / holiday,Mist / cloudy,45,44,1,3,0.2533,0.71
2012-12,2,Winter,Working day,Clear,21,18,3,3,0.2,0.6467
2012-12,2,Winter,Working day,Light rain / snow,3,3,0,1,0.46,0.94
2012-12,2,Winter,Working day,Mist / cloudy,3,3,0,2,0.25,0.76
2012-12,3,Fall,Weekend / holiday,Mist / cloudy,178,147,31,6,0.31,0.87
2012-12,3,Fall,Working day,Clear,49,44,5,7,0.3171,0.7157
2012-12,3,Fall,Working day,Light rain / snow,3,3,0,1,0.36,0.76
2012-12,3,Fall,Working day,Mist / cloudy,22,20,2,6,0.3267,0.8017
2012-12,3,Winter,Weekend / holiday,Clear,16,16,0,2,0.23,0.495
2012-12,3,Winter,Weekend / holiday,Mist / cloudy,21,19,2,2,0.25,0.655
2012-12,3,Winter,Working day,Clear,4,3,1,2,0.18,0.67
2012-12,3,Winter,Working day,Light rain / snow,3,3,0,1,0.46,0.94
2012-12,3,Winter,Working day,Mist / cloudy,5,5,0,3,0.24,0.7233
2012-12,4,Fall,Weekend / holiday,Clear,5,5,0,1,0.26,0.81
2012-12,4,Fall,Weekend / holiday,Mist / cloudy,48,41,7,5,0.32,0.908
2012-12,4,Fall,Working day,Clear,63,55,8,8,0.3075,0.7225
2012-12,4,Fall,Working day,Light rain / snow,5,3,2,1,0.36,1.0
2012-12,4,Fall,Working day,Mist / cloudy,41,38,3,5,0.336,0.766
2012-12,4,Winter,Weekend / holiday,Clear,9,5,4,2,0.23,0.475
2012-12,4,Winter,Weekend / holiday,Mist / cloudy,11,11,0,3,0.2467,0.7267
2012-12,4,Winter,Working day,Clear,5,5,0,2,0.18,0.69
2012-12,4,Winter,Working day,Mist / cloudy,13,12,1,3,0.28,0.7267
2012-12,5,Fall,Weekend / holiday,Clear,13,12,1,1,0.24,0.87
2012-12,5,Fall,Weekend / holiday,Mist / cloudy,34,31,3,5,0.324,0.87
2012-12,5,Fall,Working day,Clear,257,254,3,7,0.3086,0.7114
2012-12,5,Fall,Working day,Light rain / snow,41,40,1,1,0.34,0.71
2012-12,5,Fall,Working day,Mist / cloudy,191,187,4,6,0.3367,0.7933
2012-12,5,Winter,Weekend / holiday,Clear,11,11,0,2,0.23,0.495
2012-12,5,Winter,Weekend / holiday,Mist / cloudy,8,6,2,3,0.24,0.72
2012-12,5,Winter,Working day,Clear,29,28,1,3,0.1933,0.73
2012-12,5,Winter,Working day,Mist / cloudy,39,39,0,3,0.2667,0.6833
2012-12,6,Fall,Weekend / holiday,Clear,27,20,7,1,0.24,0.87
2012-12,6,Fall,Weekend / holiday,Light rain / snow,6,6,0,1,0.4,0.94
2012-12,6,Fall,Weekend / holiday,Mist / cloudy,53,51,2,4,0.295,0.87
2012-12,6,Fall,Working day,Clear,719,708,11,6,0.2667,0.7533
2012-12,6,Fall,Working day,Light rain / snow,124,119,5,1,0.48,0.55
2012-12,6,Fall,Working day,Mist / cloudy,832,820,12,7,0.3257,0.7871
2012-12,6,Winter,Weekend / holiday,Clear,22,18,4,2,0.21,0.54
2012-12,6,Winter,Weekend / holiday,Mist / cloudy,22,20,2,3,0.24,0.7167
2012-12,6,Winter,Working day,Clear,153,150,3,4,0.205,0.6825
2012-12,6,Winter,Working day,Mist / cloudy,116,112,4,2,0.28,0.63
2012-12,7,Fall,Weekend / holiday,Light rain / snow,23,22,1,1,0.4,0.87
2012-12,7,Fall,Weekend / holiday,Mist / cloudy,208,187,21,5,0.284,0.884
2012-12,7,Fall,Working day,Clear,2682,2644,38,7,0.2914,0.7214
2012-12,7,Fall,Working day,Light rain / snow,613,601,12,2,0.37,0.7
2012-12,7,Fall,Working day,Mist / cloudy,1728,1704,24,5,0.328,0.82
2012-12,7,Winter,Weekend / holiday,Clear,52,47,5,3,0.22,0.5467
2012-12,7,Winter,Weekend / holiday,Mist / cloudy,24,23,1,2,0.24,0.815
2012-12,7,Winter,Working day,Clear,317,311,6,4,0.205,0.6675
2012-12,7,Winter,Working day,Light rain / snow,26,26,0,1,0.2,0.86
2012-12,7,Winter,Working day,Mist / cloudy,208,205,3,1,0.32,0.57
2012-12,8,Fall,Weekend / holiday,Light rain / snow,69,68,1,1,0.4,0.87
2012-12,8,Fall,Weekend / holiday,Mist / cloudy,555,507,48,5,0.3,0.872
2012-12,8,Fall,Working day,Clear,4045,3953,92,6,0.2733,0.7567
2012-12,8,Fall,Working day,Mist / cloudy,5108,4987,121,8,0.36,0.755
2012-12,8,Winter,Weekend / holiday,Clear,110,104,6,3,0.2133,0.55
2012-12,8,Winter,Weekend / holiday,Mist / cloudy,55,45,10,2,0.25,0.84
2012-12,8,Winter,Working day,Clear,470,455,15,3,0.2067,0.6767
2012-12,8,Winter,Working day,Light rain / snow,31,31,0,1,0.2,0.86
2012-12,8,Winter,Working day,Mist / cloudy,711,702,9,2,0.28,0.585
2012-12,9,Fall,Weekend / holiday,Clear,220,203,17,1,0.26,0.75
2012-12,9,Fall,Weekend / holiday,Mist / cloudy,770,654,116,5,0.336,0.908
2012-12,9,Fall,Working day,Clear,2565,2431,134,8,0.33,0.7087
2012-12,9,Fall,Working day,Mist / cloudy,1857,1772,85,6,0.3567,0.75
2012-12,9,Winter,Weekend / holiday,Clear,220,191,29,3,0.2333,0.53
2012-12,9,Winter,Weekend / holiday,Mist / cloudy,77,54,23,2,0.25,0.84
2012-12,9,Winter,Working day,Clear,133,127,6,1,0.26,0.6
2012-12,9,Winter,Working day,Light rain / snow,23,22,1,1,0.2,0.86
2012-12,9,Winter,Working day,Mist / cloudy,700,650,50,4,0.245,0.585
2012-12,10,Fall,Weekend / holiday,Clear,273,250,23,1,0.32,0.61
2012-12,10,Fall,Weekend / holiday,Mist / cloudy,1312,1080,232,5,0.348,0.874
2012-12,10,Fall,Working day,Clear,1296,1109,187,8,0.355,0.6763
2012-12,10,Fall,Working day,Mist / cloudy,872,772,100,6,0.3667,0.71
2012-12,10,Winter,Weekend / holiday,Clear,365,284,81,4,0.255,0.585
2012-12,10,Winter,Weekend / holiday,Light rain / snow,41,35,6,1,0.26,0.81
2012-12,10,Winter,Working day,Clear,229,213,16,2,0.3,0.49
2012-12,10,Winter,Working day,Light rain / snow,8,8,0,1,0.2,0.86
2012-12,10,Winter,Working day,Mist / cloudy,385,254,131,3,0.24,0.6333
2012-12,11,Fall,Weekend / holiday,Clear,393,327,66,1,0.34,0.61
2012-12,11,Fall,Weekend / holiday,Mist / cloudy,1696,1391,305,5,0.36,0.836
2012-12,11,Fall,Working day,Clear,1659,1412,247,8,0.4,0.5875
2012-12,11,Fall,Working day,Light rain / snow,134,126,8,1,0.46,0.94
2012-12,11,Fall,Working day,Mist / cloudy,908,792,116,5,0.348,0.644
2012-12,11,Winter,Weekend / holiday,Clear,533,380,153,4,0.27,0.5225
2012-12,11,Winter,Weekend / holiday,Light rain / snow,45,38,7,1,0.2,0.93
2012-12,11,Winter,Working day,Light rain / snow,10,10,0,1,0.2,0.86
2012-12,11,Winter,Working day,Mist / cloudy,724,555,169,5,0.272,0.54
2012-12,12,Fall,Weekend / holiday,Clear,453,364,89,1,0.38,0.5
2012-12,12,Fall,Weekend / holiday,Mist / cloudy,2184,1705,479,5,0.368,0.826
2012-12,12,Fall,Working day,Clear,1838,1614,224,7,0.4114,0.5171
2012-12,12,Fall,Working day,Light rain / snow,486,414,72,2,0.46,0.74
2012-12,12,Fall,Working day,Mist / cloudy,1142,1027,115,5,0.36,0.612
2012-12,12,Winter,Weekend / holiday,Clear,600,421,179,4,0.3,0.475
2012-12,12,Winter,Weekend / holiday,Light rain / snow,48,43,5,1,0.2,1.0
2012-12,12,Winter,Working day,Clear,109,87,22,1,0.3,0.49
2012-12,12,Winter,Working day,Light rain / snow,10,10,0,1,0.22,0.87
2012-12,12,Winter,Working day,Mist / cloudy,805,634,171,4,0.285,0.5
2012-12,13,Fall,Weekend / holiday,Clear,887,715,172,2,0.39,0.625
2012-12,13,Fall,Weekend / holiday,Mist / cloudy,1697,1294,403,4,0.375,0.815
2012-12,13,Fall,Working day,Clear,1863,1574,289,7,0.4257,0.4457
2012-12,13,Fall,Working day,Light rain / snow,220,190,30,1,0.44,1.0
2012-12,13,Fall,Working day,Mist / cloudy,1411,1241,170,6,0.3967,0.61
2012-12,13,Winter,Weekend / holiday,Clear,634,424,210,4,0.335,0.4025
2012-12,13,Winter,Weekend / holiday,Light rain / snow,84,71,13,1,0.2,1.0
2012-12,13,Winter,Working day,Clear,118,99,19,1,0.3,0.49
2012-12,13,Winter,Working day,Light rain / snow,85,69,16,2,0.23,0.84
2012-12,13,Winter,Working day,Mist / cloudy,665,525,140,3,0.2933,0.44
2012-12,14,Fall,Weekend / holiday,Clear,899,665,234,2,0.42,0.56
2012-12,14,Fall,Weekend / holiday,Mist / cloudy,1563,1197,366,4,0.38,0.8025
2012-12,14,Fall,Working day,Clear,1696,1401,295,7,0.4314,0.4314
2012-12,14,Fall,Working day,Mist / cloudy,1519,1301,218,7,0.4171,0.6529
2012-12,14,Winter,Weekend / holiday,Clear,622,448,174,4,0.335,0.3725
2012-12,14,Winter,Weekend / holiday,Mist / cloudy,98,88,10,1,0.24,0.87
2012-12,14,Winter,Working day,Light rain / snow,66,53,13,2,0.23,0.9
2012-12,14,Winter,Working day,Mist / cloudy,846,655,191,4,0.29,0.4725
2012-12,15,Fall,Weekend / holiday,Clear,1405,1037,368,3,0.4267,0.6533
2012-12,15,Fall,Weekend / holiday,Light rain / snow,225,200,25,1,0.36,0.93
2012-12,15,Fall,Weekend / holiday,Mist / cloudy,822,663,159,2,0.39,0.72
2012-12,15,Fall,Working day,Clear,1895,1626,269,7,0.4343,0.4329
2012-12,15,Fall,Working day,Mist / cloudy,1797,1589,208,7,0.42,0.64
2012-12,15,Winter,Weekend / holiday,Clear,535,394,141,4,0.325,0.3875
2012-12,15,Winter,Weekend / holiday,Mist / cloudy,129,110,19,1,0.24,0.87
2012-12,15,Winter,Working day,Light rain / snow,46,40,6,2,0.25,0.87
2012-12,15,Winter,Working day,Mist / cloudy,923,720,203,4,0.285,0.48
2012-12,16,Fall,Weekend / holiday,Clear,920,696,224,2,0.41,0.66
2012-12,16,Fall,Weekend / holiday,Light rain / snow,253,220,33,1,0.36,0.93
2012-12,16,Fall,Weekend / holiday,Mist / cloudy,1286,1046,240,3,0.4,0.7167
2012-12,16,Fall,Working day,Clear,3480,3118,362,9,0.4333,0.4856
2012-12,16,Fall,Working day,Light rain / snow,302,287,15,1,0.4,0.94
2012-12,16,Fall,Working day,Mist / cloudy,1334,1233,101,4,0.39,0.5925
2012-12,16,Winter,Weekend / holiday,Clear,617,488,129,4,0.305,0.465
2012-12,16,Winter,Weekend / holiday,Mist / cloudy,86,38,48,1,0.36,0.5
2012-12,16,Winter,Working day,Clear,250,208,42,1,0.3,0.49
2012-12,16,Winter,Working day,Light rain / snow,46,40,6,2,0.25,0.87
2012-12,16,Winter,Working day,Mist / cloudy,669,588,81,3,0.2733,0.4633
2012-12,17,Fall,Weekend / holiday,Clear,654,542,112,2,0.39,0.685
2012-12,17,Fall,Weekend / holiday,Light rain / snow,532,453,79,2,0.38,0.845
2012-12,17,Fall,Weekend / holiday,Mist / cloudy,563,484,79,2,0.36,0.79
2012-12,17,Fall,Working day,Clear,5580,5265,315,9,0.3956,0.5011
2012-12,17,Fall,Working day,Mist / cloudy,2715,2585,130,5,0.384,0.722
2012-12,17,Winter,Weekend / holiday,Clear,469,389,80,4,0.28,0.525
2012-12,17,Winter,Weekend / holiday,Mist / cloudy,50,34,16,1,0.32,0.57
2012-12,17,Winter,Working day,Clear,271,228,43,1,0.24,0.6
2012-12,17,Winter,Working day,Light rain / snow,79,70,9,2,0.25,0.93
2012-12,17,Winter,Working day,Mist / cloudy,742,674,68,3,0.26,0.52
2012-12,18,Fall,Weekend / holiday,Clear,576,496,80,2,0.39,0.725
2012-12,18,Fall,Weekend / holiday,Light rain / snow,305,280,25,2,0.37,0.875
2012-12,18,Fall,Weekend / holiday,Mist / cloudy,500,433,67,2,0.39,0.74
2012-12,18,Fall,Working day,Clear,5158,4940,218,9,0.3844,0.4978
2012-12,18,Fall,Working day,Mist / cloudy,2490,2384,106,5,0.38,0.746
2012-12,18,Winter,Weekend / holiday,Clear,285,262,23,3,0.2867,0.53
2012-12,18,Winter,Weekend / holiday,Mist / cloudy,168,136,32,2,0.28,0.55
2012-12,18,Winter,Working day,Clear,213,197,16,1,0.24,0.6
2012-12,18,Winter,Working day,Light rain / snow,69,62,7,2,0.26,0.93
2012-12,18,Winter,Working day,Mist / cloudy,562,536,26,3,0.2533,0.5467
2012-12,19,Fall,Weekend / holiday,Clear,612,536,76,3,0.3733,0.8067
2012-12,19,Fall,Weekend / holiday,Light rain / snow,122,110,12,1,0.38,0.94
2012-12,19,Fall,Weekend / holiday,Mist / cloudy,423,377,46,2,0.36,0.815
2012-12,19,Fall,Working day,Clear,3934,3732,202,10,0.386,0.562
2012-12,19,Fall,Working day,Light rain / snow,118,115,3,1,0.34,0.71
2012-12,19,Fall,Working day,Mist / cloudy,1094,1054,40,3,0.3667,0.7333
2012-12,19,Winter,Weekend / holiday,Clear,220,191,29,3,0.2933,0.5033
2012-12,19,Winter,Weekend / holiday,Mist / cloudy,133,110,23,2,0.31,0.635
2012-12,19,Winter,Working day,Clear,270,254,16,2,0.26,0.525
2012-12,19,Winter,Working day,Light rain / snow,35,33,2,1,0.3,0.87
2012-12,19,Winter,Working day,Mist / cloudy,265,235,30,3,0.2467,0.7267
2012-12,20,Fall,Weekend / holiday,Clear,198,170,28,1,0.32,0.81
2012-12,20,Fall,Weekend / holiday,Light rain / snow,108,102,6,1,0.36,1.0
2012-12,20,Fall,Weekend / holiday,Mist / cloudy,659,590,69,4,0.38,0.8025
2012-12,20,Fall,Working day,Clear,2089,1991,98,8,0.345,0.565
2012-12,20,Fall,Working day,Light rain / snow,291,278,13,2,0.36,0.76
2012-12,20,Fall,Working day,Mist / cloudy,1033,970,63,4,0.405,0.735
2012-12,20,Winter,Weekend / holiday,Clear,185,170,15,3,0.24,0.5333
2012-12,20,Winter,Weekend / holiday,Mist / cloudy,106,93,13,2,0.31,0.61
2012-12,20,Winter,Working day,Clear,203,183,20,2,0.26,0.505
2012-12,20,Winter,Working day,Light rain / snow,55,49,6,2,0.28,0.93
2012-12,20,Winter,Working day,Mist / cloudy,186,164,22,2,0.25,0.625
2012-12,21,Fall,Weekend / holiday,Clear,184,169,15,1,0.36,0.62
2012-12,21,Fall,Weekend / holiday,Mist / cloudy,668,579,89,5,0.364,0.914
2012-12,21,Fall,Working day,Clear,1347,1272,75,7,0.34,0.5929
2012-12,21,Fall,Working day,Light rain / snow,26,25,1,1,0.34,0.76
2012-12,21,Fall,Working day,Mist / cloudy,1209,1122,87,6,0.38,0.76
2012-12,21,Winter,Weekend / holiday,Clear,142,129,13,3,0.22,0.5733
2012-12,21,Winter,Weekend / holiday,Mist / cloudy,94,82,12,2,0.29,0.605
2012-12,21,Winter,Working day,Clear,160,151,9,2,0.26,0.505
2012-12,21,Winter,Working day,Light rain / snow,22,9,13,1,0.24,0.93
2012-12,21,Winter,Working day,Mist / cloudy,175,146,29,3,0.26,0.7233
2012-12,22,Fall,Weekend / holiday,Clear,156,134,22,1,0.36,0.62
2012-12,22,Fall,Weekend / holiday,Light rain / snow,78,75,3,1,0.36,0.93
2012-12,22,Fall,Weekend / holiday,Mist / cloudy,492,435,57,4,0.38,0.85
2012-12,22,Fall,Working day,Clear,1035,990,45,8,0.3125,0.6163
2012-12,22,Fall,Working day,Light rain / snow,21,20,1,1,0.34,0.87
2012-12,22,Fall,Working day,Mist / cloudy,648,587,61,5,0.416,0.768
2012-12,22,Winter,Weekend / holiday,Clear,133,121,12,3,0.22,0.5533
2012-12,22,Winter,Weekend / holiday,Mist / cloudy,73,67,6,2,0.28,0.65
2012-12,22,Winter,Working day,Clear,124,105,19,2,0.26,0.5
2012-12,22,Winter,Working day,Light rain / snow,11,11,0,1,0.24,0.93
2012-12,22,Winter,Working day,Mist / cloudy,118,87,31,3,0.24,0.7433
2012-12,23,Fall,Weekend / holiday,Light rain / snow,51,48,3,1,0.36,1.0
2012-12,23,Fall,Weekend / holiday,Mist / cloudy,491,441,50,5,0.372,0.824
2012-12,23,Fall,Working day,Clear,936,884,52,10,0.34,0.653
2012-12,23,Fall,Working day,Light rain / snow,60,54,6,2,0.41,0.88
2012-12,23,Fall,Working day,Mist / cloudy,201,192,9,2,0.32,0.745
2012-12,23,Winter,Weekend / holiday,Clear,114,98,16,3,0.22,0.54
2012-12,23,Winter,Weekend / holiday,Mist / cloudy,62,58,4,2,0.27,0.625
2012-12,23,Winter,Working day,Clear,89,76,13,2,0.26,0.545
2012-12,23,Winter,Working day,Light rain / snow,21,18,3,2,0.25,0.9
2012-12,23,Winter,Working day,Mist / cloudy,85,78,7,2,0.24,0.625
